,teamId,playerId,playerName,min,xg,xgot,eventType,team_color,match_id,isOwnGoal,x,y,situation,teamName
1,8456,737066,Erling Haaland,4,0.166598618,0.6196,Goal,#69A8D8,4193450,FALSE,98.53508772,35.14375,FromCorner,Manchester City
2,8456,169200,Kevin De Bruyne,6,0.02154936455,NA,Miss,#69A8D8,4193450,FALSE,76.17815534,26.0540625,RegularPlay,Manchester City
3,8456,737066,Erling Haaland,11,0.210887,NA,Miss,#69A8D8,4193450,FALSE,100.4482759,28.455,RegularPlay,Manchester City
4,8191,1368318,Luca Koleosho,15,0.07776585966,NA,Miss,#5E1444,4193450,FALSE,92.5,42.9865625,RegularPlay,Burnley
5,8191,1067168,Zeki Amdouni,18,0.03180508688,0.0198,AttemptSaved,#5E1444,4193450,FALSE,94.09649123,45.96254777,RegularPlay,Burnley
6,8191,881500,Lyle Foster,29,0.0319808498,NA,Miss,#5E1444,4193450,FALSE,95.35087719,49.53579618,RegularPlay,Burnley
7,8456,737066,Erling Haaland,36,0.1378938705,0.5038,Goal,#69A8D8,4193450,FALSE,94.6754386,25.2446875,RegularPlay,Manchester City
8,8191,881500,Lyle Foster,37,0.1150762811,NA,AttemptSaved,#5E1444,4193450,FALSE,91.5,30.56875,RegularPlay,Burnley
9,8456,815006,Phil Foden,45,0.2388588935,0.3296,AttemptSaved,#69A8D8,4193450,FALSE,96.31578947,32.3225,RegularPlay,Manchester City
10,8456,737066,Erling Haaland,52,0.05384827405,NA,AttemptSaved,#69A8D8,4193450,FALSE,99.68965517,46.66318471,RegularPlay,Manchester City
11,8456,815006,Phil Foden,53,0.03553200141,NA,AttemptSaved,#69A8D8,4193450,FALSE,100.3534483,42.813125,FromCorner,Manchester City
12,8456,675088,Rodri,55,0.01933347434,0.0476,AttemptSaved,#69A8D8,4193450,FALSE,74.71407767,29.96785714,RegularPlay,Manchester City
13,8456,675088,Rodri,55,0.01265232079,0.2577,AttemptSaved,#69A8D8,4193450,FALSE,92.1,32.85625,FromCorner,Manchester City
14,8456,974753,Julián Álvarez,60,0.05867083743,NA,Miss,#69A8D8,4193450,FALSE,93.7,22.59796179,RegularPlay,Manchester City
15,8456,675088,Rodri,67,0.0502657406,NA,AttemptSaved,#69A8D8,4193450,FALSE,91.4,26.2275,RegularPlay,Manchester City
16,8456,417068,Nathan Aké,75,0.3106844127,NA,AttemptSaved,#69A8D8,4193450,FALSE,101.0172414,33.695,SetPiece,Manchester City
17,8456,675088,Rodri,75,0.4172884524,0.9315,Goal,#69A8D8,4193450,FALSE,100.4482759,33.5425,SetPiece,Manchester City
18,8456,974753,Julián Álvarez,79,0.1972392946,NA,AttemptSaved,#69A8D8,4193450,FALSE,94.28947368,41.4834375,FastBreak,Manchester City
19,8191,1069536,Anass Zaroury,80,0.0447121039,NA,AttemptSaved,#5E1444,4193450,FALSE,87.10441176,36.745,RegularPlay,Burnley
20,8191,655575,Jacob Bruun Larsen,82,0.02410174906,NA,Miss,#5E1444,4193450,FALSE,101.0172414,25.3025,FromCorner,Burnley
21,8456,974753,Julián Álvarez,86,0.09029090405,0.0204,AttemptSaved,#69A8D8,4193450,FALSE,93.8,22.59796179,RegularPlay,Manchester City
22,8456,815006,Phil Foden,88,0.01899344474,NA,Miss,#69A8D8,4193450,FALSE,87.64117647,18.95464968,SetPiece,Manchester City
23,8456,411617,Aymeric Laporte,90,0.03581887856,0.024,AttemptSaved,#69A8D8,4193450,FALSE,96.02631579,38.70452381,SetPiece,Manchester City
24,9825,860920,Edward Nketiah,10,0.05965138227,NA,Miss,#bd0510,4193451,FALSE,100.2586207,41.14190476,RegularPlay,Arsenal
25,10203,1076756,Brennan Johnson,11,0.2777568102,NA,Miss,#aa001a,4193451,FALSE,89.4,26.2275,RegularPlay,Nottingham Forest
26,9825,749736,Kai Havertz,24,0.03150429949,NA,AttemptSaved,#bd0510,4193451,FALSE,84.62475728,37.66,RegularPlay,Arsenal
27,9825,961995,Bukayo Saka,25,0.02211929485,NA,AttemptSaved,#bd0510,4193451,FALSE,93.7,20.56611465,RegularPlay,Arsenal
28,9825,860920,Edward Nketiah,26,0.1055331901,0.0241,Goal,#bd0510,4193451,FALSE,93.6,38.70452381,FromCorner,Arsenal
29,9825,961995,Bukayo Saka,32,0.03796160594,0.5987,Goal,#bd0510,4193451,FALSE,84.62475728,25.2446875,RegularPlay,Arsenal
30,9825,860920,Edward Nketiah,38,0.04201526195,NA,Miss,#bd0510,4193451,FALSE,96.99122807,23.01834395,RegularPlay,Arsenal
31,9825,654096,Declan Rice,44,0.02025087178,0.1363,AttemptSaved,#bd0510,4193451,FALSE,76.06553398,43.1021875,RegularPlay,Arsenal
32,9825,664444,Takehiro Tomiyasu,51,0.02783388644,0.1585,AttemptSaved,#bd0510,4193451,FALSE,79.78203884,44.49121019,RegularPlay,Arsenal
33,9825,534670,Martin Ødegaard,69,0.02828603238,NA,AttemptSaved,#bd0510,4193451,FALSE,90.4,17.41324841,RegularPlay,Arsenal
34,10203,682548,Ola Aina,70,0.01958960481,NA,AttemptSaved,#aa001a,4193451,FALSE,78.99368932,48.83515923,RegularPlay,Nottingham Forest
35,9825,654096,Declan Rice,76,0.05345689505,0.4449,AttemptSaved,#bd0510,4193451,FALSE,82.82281553,29.46357143,RegularPlay,Arsenal
36,10203,246331,Willy Boly,78,0.2136939317,0.0822,AttemptSaved,#aa001a,4193451,FALSE,100.8275862,32.39875,FromCorner,Nottingham Forest
37,9825,654096,Declan Rice,81,0.1722348034,0.5621,AttemptSaved,#bd0510,4193451,FALSE,92.1,36.51625,RegularPlay,Arsenal
38,10203,643717,Taiwo Awoniyi,82,0.5740333796,0.866,Goal,#aa001a,4193451,FALSE,100.2586207,38.87261905,FastBreak,Nottingham Forest
39,10203,789502,Morgan Gibbs-White,83,0.07469496876,NA,Miss,#aa001a,4193451,FALSE,89,43.79057324,FastBreak,Nottingham Forest
40,9825,749736,Kai Havertz,85,0.02050754428,NA,AttemptSaved,#bd0510,4193451,FALSE,99.59482759,20.14573249,RegularPlay,Arsenal
41,9825,961995,Bukayo Saka,87,0.1263130009,0.058,AttemptSaved,#bd0510,4193451,FALSE,96.60526316,35.60125,RegularPlay,Arsenal
42,9825,534670,Martin Ødegaard,90,0.03584786132,NA,AttemptSaved,#bd0510,4193451,FALSE,82.25970874,42.813125,FastBreak,Arsenal
43,10203,148302,Cheikhou Kouyaté,90,0.02238967642,NA,Miss,#aa001a,4193451,FALSE,82.14708738,33.46625,SetPiece,Nottingham Forest
44,9825,534670,Martin Ødegaard,90,0.0490661487,NA,Miss,#bd0510,4193451,FALSE,86.99705882,25.8228125,RegularPlay,Arsenal
45,8654,683450,Pablo Fornals,3,0.05078841001,NA,Miss,#66192C,4193452,FALSE,89.4,43.23006369,RegularPlay,West Ham United
46,8654,523825,Jarrod Bowen,5,0.02693048492,NA,Miss,#66192C,4193452,FALSE,78.31796117,43.51031847,RegularPlay,West Ham United
47,8678,674014,David Brooks,12,0.04616871476,NA,Miss,#aa1818,4193452,FALSE,84.62475728,33.085,RegularPlay,AFC Bournemouth
48,8654,523825,Jarrod Bowen,17,0.0625013411,NA,AttemptSaved,#66192C,4193452,FALSE,92,28.28690476,RegularPlay,West Ham United
49,8654,524437,Tomas Soucek,19,0.3420594931,NA,Miss,#66192C,4193452,FALSE,102.3448276,33.31375,FromCorner,West Ham United
50,8654,524437,Tomas Soucek,24,0.03129508719,NA,Miss,#66192C,4193452,FALSE,100.8275862,25.53375,FromCorner,West Ham United
51,8678,439369,Ryan Christie,26,0.01771204919,0.0445,AttemptSaved,#aa1818,4193452,FALSE,81.69660194,14.68076433,FromCorner,AFC Bournemouth
52,8654,683450,Pablo Fornals,29,0.03926298767,NA,Miss,#66192C,4193452,FALSE,81.35873786,40.04928572,RegularPlay,West Ham United
53,8654,766435,Lucas Paquetá,35,0.08606721461,NA,AttemptSaved,#66192C,4193452,FALSE,101.112069,28.53904762,FromCorner,West Ham United
54,8654,491883,Said Benrahma,35,0.02344537526,NA,Miss,#66192C,4193452,FALSE,77.98009709,44.77146496,RegularPlay,West Ham United
55,8654,491883,Said Benrahma,37,0.05845436826,0.1903,AttemptSaved,#66192C,4193452,FALSE,95.92982456,43.65044586,RegularPlay,West Ham United
56,8654,523825,Jarrod Bowen,37,0.01522182301,NA,Miss,#66192C,4193452,FALSE,93.1,33.77125,RegularPlay,West Ham United
57,8678,674014,David Brooks,41,0.01698757149,0.1663,AttemptSaved,#aa1818,4193452,FALSE,76.62864078,25.0134375,RegularPlay,AFC Bournemouth
58,8678,674014,David Brooks,50,0.06840384007,0.0659,AttemptSaved,#aa1818,4193452,FALSE,87.53382353,28.79119048,RegularPlay,AFC Bournemouth
59,8654,523825,Jarrod Bowen,51,0.03608059138,0.5125,Goal,#66192C,4193452,FALSE,81.47135922,30.7975,RegularPlay,West Ham United
60,8678,591734,Dominic Solanke,55,0.06524562091,0.1588,AttemptSaved,#aa1818,4193452,FALSE,101.0172414,21.82726115,RegularPlay,AFC Bournemouth
61,8654,766435,Lucas Paquetá,56,0.02961841412,NA,Miss,#66192C,4193452,FALSE,91.5,41.425625,RegularPlay,West Ham United
62,8654,523825,Jarrod Bowen,56,0.04007299244,NA,AttemptSaved,#66192C,4193452,FALSE,94.57894737,36.36375,RegularPlay,West Ham United
63,8678,532743,Philip Billing,61,0.04412855208,NA,AttemptSaved,#aa1818,4193452,FALSE,85.60147059,18.11388535,FreeKick,AFC Bournemouth
64,8678,613182,Joe Rothwell,65,0.0281277094,NA,Post,#aa1818,4193452,FALSE,83.61116505,46.8033121,FromCorner,AFC Bournemouth
65,8654,523825,Jarrod Bowen,70,0.04059933499,NA,AttemptSaved,#66192C,4193452,FALSE,99.21052632,21.61707007,ThrowInSetPiece,West Ham United
66,8678,674014,David Brooks,71,0.03232879192,NA,Miss,#aa1818,4193452,FALSE,85.60147059,23.29859873,RegularPlay,AFC Bournemouth
67,8678,532743,Philip Billing,75,0.02377024665,NA,Miss,#aa1818,4193452,FALSE,89.8,33.00875,SetPiece,AFC Bournemouth
68,8678,469202,Kieffer Moore,77,0.03916905075,NA,AttemptSaved,#aa1818,4193452,FALSE,94.19298245,33.5425,RegularPlay,AFC Bournemouth
69,8678,591734,Dominic Solanke,78,0.04577856138,NA,Miss,#aa1818,4193452,FALSE,93.8,40.72166667,RegularPlay,AFC Bournemouth
70,8678,933576,Antoine Semenyo,82,0.05427405238,NA,Miss,#aa1818,4193452,FALSE,83.38592233,25.0134375,RegularPlay,AFC Bournemouth
71,8678,591734,Dominic Solanke,82,0.8712071776,0.9686,Goal,#aa1818,4193452,FALSE,101.6810345,30.328,RegularPlay,AFC Bournemouth
72,8654,214426,Danny Ings,84,0.1236853451,NA,AttemptSaved,#66192C,4193452,FALSE,93.5,23.92917198,RegularPlay,West Ham United
73,8654,766435,Lucas Paquetá,84,0.06424989551,NA,Post,#66192C,4193452,FALSE,92,43.72050955,RegularPlay,West Ham United
74,8678,933576,Antoine Semenyo,89,0.01925719716,NA,AttemptSaved,#aa1818,4193452,FALSE,76.8538835,28.95928571,RegularPlay,AFC Bournemouth
75,10204,201690,Lewis Dunk,2,0.01652868092,NA,Miss,#0850A0,4193453,FALSE,93.2,34.68625,FromCorner,Brighton & Hove Albion
76,10204,201690,Lewis Dunk,3,0.1016972959,NA,Miss,#0850A0,4193453,FALSE,99.68965517,29.46357143,FromCorner,Brighton & Hove Albion
77,10204,1021382,Joao Pedro,5,0.3469743431,NA,Miss,#0850A0,4193453,FALSE,96.4122807,32.475,RegularPlay,Brighton & Hove Albion
78,10204,113836,Danny Welbeck,8,0.0142494794,NA,Miss,#0850A0,4193453,FALSE,78.09271845,47.22369426,RegularPlay,Brighton & Hove Albion
79,10204,167008,Pascal Gross,14,0.1363064647,NA,Miss,#0850A0,4193453,FALSE,97.66666667,30.645,RegularPlay,Brighton & Hove Albion
80,10204,416850,Solly March,18,0.008153151721,NA,AttemptSaved,#0850A0,4193453,FALSE,78.7684466,25.2446875,SetPiece,Brighton & Hove Albion
81,10204,688278,Pervis Estupinán,18,0.03662004322,NA,AttemptSaved,#0850A0,4193453,FALSE,88.8,46.38292993,SetPiece,Brighton & Hove Albion
82,10204,113836,Danny Welbeck,20,0.03665716201,0.1184,AttemptSaved,#0850A0,4193453,FALSE,93.5,18.7444586,RegularPlay,Brighton & Hove Albion
83,8346,498532,Pelly-Ruddock Mpanzu,23,0.2512061298,NA,Miss,#FA4616,4193453,FALSE,101.112069,37.66,FastBreak,Luton Town
84,10204,469701,Mahmoud Dahoud,26,0.01949150674,NA,Miss,#0850A0,4193453,FALSE,79.55679612,42.8709375,RegularPlay,Brighton & Hove Albion
85,8346,498532,Pelly-Ruddock Mpanzu,29,0.02580902725,NA,AttemptSaved,#FA4616,4193453,FALSE,93.3,47.08356688,FastBreak,Luton Town
86,10204,862608,Kaoru Mitoma,33,0.01841273904,NA,Miss,#0850A0,4193453,FALSE,90.3,50.16636942,RegularPlay,Brighton & Hove Albion
87,8346,541330,Marvelous Nakamba,34,0.01342022792,NA,AttemptSaved,#FA4616,4193453,FALSE,80.57038835,28.11880952,RegularPlay,Luton Town
88,10204,416850,Solly March,36,0.3330494463,0.8647,Goal,#0850A0,4193453,FALSE,99.21052632,31.7125,RegularPlay,Brighton & Hove Albion
89,8346,562725,Carlton Morris,37,0.0430293493,0.0293,AttemptSaved,#FA4616,4193453,FALSE,96.60526316,39.04071429,FromCorner,Luton Town
90,8346,1099974,Issa Kaboré,38,0.02068137378,NA,Miss,#FA4616,4193453,FALSE,80.57038835,28.11880952,FromCorner,Luton Town
91,10204,113836,Danny Welbeck,39,0.1708688736,NA,Post,#0850A0,4193453,FALSE,91.8,34.38125,RegularPlay,Brighton & Hove Albion
92,10204,688278,Pervis Estupinán,40,0.0104544796,0.036,AttemptSaved,#0850A0,4193453,FALSE,77.86747573,47.22369426,RegularPlay,Brighton & Hove Albion
93,10204,113836,Danny Welbeck,42,0.1021821573,NA,AttemptSaved,#0850A0,4193453,FALSE,95.15789474,35.9825,RegularPlay,Brighton & Hove Albion
94,10204,469701,Mahmoud Dahoud,42,0.02000012808,NA,AttemptSaved,#0850A0,4193453,FALSE,79.55679612,32.3225,RegularPlay,Brighton & Hove Albion
95,8346,562725,Carlton Morris,45,0.07969796658,NA,Miss,#FA4616,4193453,FALSE,97.95614035,37.672,RegularPlay,Luton Town
96,10204,974618,Jan Paul van Hecke,47,0.01586036012,0.2187,AttemptSaved,#0850A0,4193453,FALSE,91.1,35.525,FromCorner,Brighton & Hove Albion
97,10204,1021382,Joao Pedro,48,0.05996764451,NA,AttemptSaved,#0850A0,4193453,FALSE,92.3,40.63761905,RegularPlay,Brighton & Hove Albion
98,10204,167008,Pascal Gross,52,0.009412247688,NA,Post,#0850A0,4193453,FALSE,92.7,54.947109,SetPiece,Brighton & Hove Albion
99,10204,416850,Solly March,63,0.06259007752,0.0242,AttemptSaved,#0850A0,4193453,FALSE,93.8,41.31,RegularPlay,Brighton & Hove Albion
100,10204,1021382,Joao Pedro,71,0.7884,0.9933,Goal,#0850A0,4193453,FALSE,94,34,Penalty,Brighton & Hove Albion
101,8346,562725,Carlton Morris,81,0.7884,0.9887,Goal,#FA4616,4193453,FALSE,94,34,Penalty,Luton Town
102,10204,942549,Billy Gilmour,84,0.01150003634,0.0493,AttemptSaved,#0850A0,4193453,FALSE,82.82281553,21.1966879,RegularPlay,Brighton & Hove Albion
103,10204,688278,Pervis Estupinán,85,0.05782387033,0.1211,AttemptSaved,#0850A0,4193453,FALSE,96.70175439,46.31286624,RegularPlay,Brighton & Hove Albion
104,10204,1227012,Simon Adingra,85,0.2530597448,0.7705,Goal,#0850A0,4193453,FALSE,100.8275862,28.28690476,RegularPlay,Brighton & Hove Albion
105,10204,1068482,Evan Ferguson,86,0.04864219204,NA,Post,#0850A0,4193453,FALSE,89,42.7553125,RegularPlay,Brighton & Hove Albion
106,10204,1021382,Joao Pedro,87,0.1545356065,0.1939,AttemptSaved,#0850A0,4193453,FALSE,97.28070175,40.46952381,RegularPlay,Brighton & Hove Albion
107,10204,167008,Pascal Gross,89,0.3505529463,0.5969,AttemptSaved,#0850A0,4193453,FALSE,98.92105263,40.97380952,RegularPlay,Brighton & Hove Albion
108,8346,802245,Jacob Brown,90,0.1116481796,0.0947,AttemptSaved,#FA4616,4193453,FALSE,91.3,34.68625,RegularPlay,Luton Town
109,8346,562725,Carlton Morris,90,0.1442379057,NA,Miss,#FA4616,4193453,FALSE,97.66666667,33.31375,FromCorner,Luton Town
110,10204,1068482,Evan Ferguson,90,0.8269155622,0.884,Goal,#0850A0,4193453,FALSE,101.8706897,31.1025,RegularPlay,Brighton & Hove Albion
111,8668,391064,Neal Maupay,1,0.04912571982,NA,Miss,#00019E,4193454,FALSE,91.9,17.97375796,FastBreak,Everton
112,9879,182962,Tom Cairney,3,0.04396206886,NA,Miss,#000000,4193454,FALSE,86.88970588,35.9825,FromCorner,Fulham
113,8668,352887,Abdoulaye Doucouré,5,0.5358543992,0.8356,AttemptSaved,#00019E,4193454,FALSE,92.7,31.7125,FastBreak,Everton
114,8668,604785,Alex Iwobi,18,0.06596384943,NA,AttemptSaved,#00019E,4193454,FALSE,91.1,44.77146496,FastBreak,Everton
115,8668,179410,Idrissa Gana Gueye,19,0.01481304318,NA,AttemptSaved,#00019E,4193454,FALSE,85.81617647,42.9865625,FromCorner,Everton
116,8668,604785,Alex Iwobi,21,0.06710488349,NA,Miss,#00019E,4193454,FALSE,86.46029412,38.70452381,FastBreak,Everton
117,8668,391064,Neal Maupay,34,0.6807599068,0.917,AttemptSaved,#00019E,4193454,FALSE,101.3965517,33.61875,RegularPlay,Everton
118,8668,1185748,Amadou Onana,41,0.05464620516,0.0546,AttemptSaved,#00019E,4193454,FALSE,90.6,20.07566879,RegularPlay,Everton
119,8668,391064,Neal Maupay,42,0.5336773992,0.9075,AttemptSaved,#00019E,4193454,FALSE,95.92982456,35.6775,RegularPlay,Everton
120,8668,1112684,Nathan Patterson,43,0.04133722559,NA,Miss,#00019E,4193454,FALSE,92.8,21.61707007,RegularPlay,Everton
121,8668,391064,Neal Maupay,45,0.08443339169,0.0914,AttemptSaved,#00019E,4193454,FALSE,89.8,32.17,FastBreak,Everton
122,9879,556972,Sasa Lukic,53,0.02432972752,NA,Miss,#000000,4193454,FALSE,86.24558823,37.2025,FromCorner,Fulham
123,9879,292313,Raul Jiménez,57,0.06839448214,NA,Post,#000000,4193454,FALSE,94.28947368,30.4925,RegularPlay,Fulham
124,9879,262550,Bobby Reid,57,0.1214888394,NA,Miss,#000000,4193454,FALSE,94.09649123,41.14190476,RegularPlay,Fulham
125,8668,1112684,Nathan Patterson,60,0.009105570614,NA,AttemptSaved,#00019E,4193454,FALSE,74.37621359,28.53904762,FromCorner,Everton
126,8668,604785,Alex Iwobi,67,0.03737030551,0.0507,AttemptSaved,#00019E,4193454,FALSE,85.92352941,45.12178344,RegularPlay,Everton
127,8668,1112684,Nathan Patterson,67,0.2583450973,NA,Post,#00019E,4193454,FALSE,99.21052632,25.3603125,RegularPlay,Everton
128,9879,494417,Harry Wilson,69,0.07289209962,NA,Miss,#000000,4193454,FALSE,88.39264706,44.63133758,RegularPlay,Fulham
129,9879,262550,Bobby Reid,73,0.7214055657,0.9821,Goal,#000000,4193454,FALSE,102.6293103,36.44,RegularPlay,Fulham
130,9879,262550,Bobby Reid,77,0.2931977212,NA,Miss,#000000,4193454,FALSE,100.4482759,38.87261905,RegularPlay,Fulham
131,8668,604785,Alex Iwobi,85,0.1503547579,0.3465,AttemptSaved,#00019E,4193454,FALSE,101.5862069,29.04333333,RegularPlay,Everton
132,8668,290410,Michael Keane,85,0.03055780008,0.0368,AttemptSaved,#00019E,4193454,FALSE,96.31578947,29.29547619,FromCorner,Everton
133,9879,351860,Aleksandar Mitrovic,87,0.06175523624,0.1356,AttemptSaved,#000000,4193454,FALSE,98.05263158,44.00076433,RegularPlay,Fulham
134,9879,351860,Aleksandar Mitrovic,88,0.1005441621,NA,AttemptSaved,#000000,4193454,FALSE,95.15789474,33.61875,RegularPlay,Fulham
135,8668,179410,Idrissa Gana Gueye,90,0.04300095513,NA,AttemptSaved,#00019E,4193454,FALSE,87.31911765,37.05,FromCorner,Everton
136,8668,243138,James Tarkowski,90,0.04065919295,NA,Miss,#00019E,4193454,FALSE,96.89473684,39.88119048,FromCorner,Everton
137,8668,352887,Abdoulaye Doucouré,90,0.02855179645,NA,Miss,#00019E,4193454,FALSE,95.35087719,28.20285714,SetPiece,Everton
138,8668,290410,Michael Keane,90,0.01221823413,0.0705,AttemptSaved,#00019E,4193454,FALSE,90.8,30.328,SetPiece,Everton
139,8657,1258092,William Osula,9,0.02019402571,NA,AttemptSaved,#B10000,4193455,FALSE,85.38676471,19.51515924,RegularPlay,Sheffield United
140,9826,637746,Odsonne Edouard,14,0.03853206336,NA,AttemptSaved,#004A97,4193455,FALSE,96.4122807,45.82242038,RegularPlay,Crystal Palace
141,9826,818975,Eberechi Eze,17,0.02431239001,NA,AttemptSaved,#004A97,4193455,FALSE,78.65582524,38.53642857,RegularPlay,Crystal Palace
142,9826,818975,Eberechi Eze,17,0.1124236435,NA,AttemptSaved,#004A97,4193455,FALSE,95.06140351,37.2025,RegularPlay,Crystal Palace
143,9826,637746,Odsonne Edouard,20,0.05715636909,0.4303,AttemptSaved,#004A97,4193455,FALSE,94.09649123,19.30496816,RegularPlay,Crystal Palace
144,9826,503659,Joachim Andersen,22,0.01727892458,0.1854,AttemptSaved,#004A97,4193455,FALSE,72.34902913,29.7997619,RegularPlay,Crystal Palace
145,9826,637746,Odsonne Edouard,24,0.03069119528,NA,Miss,#004A97,4193455,FALSE,92,38.45238095,FromCorner,Crystal Palace
146,8657,295062,John Egan,27,0.041004017,NA,Miss,#B10000,4193455,FALSE,96.89473684,28.53904762,FromCorner,Sheffield United
147,9826,214570,Jeffrey Schlupp,29,0.02098888345,NA,Miss,#004A97,4193455,FALSE,77.98009709,45.96254777,RegularPlay,Crystal Palace
148,9826,951954,Cheick Oumar Doucouré,30,0.00902217254,0.1944,AttemptSaved,#004A97,4193455,FALSE,76.06553398,33.31375,RegularPlay,Crystal Palace
149,9826,818975,Eberechi Eze,31,0.05683786049,NA,AttemptSaved,#004A97,4193455,FALSE,90.7,40.55357143,RegularPlay,Crystal Palace
150,9826,154280,Jordan Ayew,31,0.0622593984,NA,AttemptSaved,#004A97,4193455,FALSE,92.1,24.06929937,RegularPlay,Crystal Palace
151,9826,844425,Marc Guehi,32,0.0299565345,NA,Miss,#004A97,4193455,FALSE,95.35087719,30.268,FromCorner,Crystal Palace
152,9826,637746,Odsonne Edouard,32,0.051962547,NA,Miss,#004A97,4193455,FALSE,102.5344828,41.5990625,FromCorner,Crystal Palace
153,8657,793820,Anel Ahmedhodzic,34,0.04352964088,NA,Miss,#B10000,4193455,FALSE,96.70175439,37.744,FromCorner,Sheffield United
154,9826,818975,Eberechi Eze,39,0.004385125358,NA,AttemptSaved,#004A97,4193455,FALSE,74.15097088,42.9865625,SetPiece,Crystal Palace
155,8657,210971,Oliver Norwood,44,0.01540333498,0.0475,AttemptSaved,#B10000,4193455,FALSE,74.82669903,36.5925,RegularPlay,Sheffield United
156,9826,818975,Eberechi Eze,45,0.03232476488,NA,Miss,#004A97,4193455,FALSE,96.60526316,52.75872611,RegularPlay,Crystal Palace
157,9826,637746,Odsonne Edouard,49,0.6383389831,0.8129,Goal,#004A97,4193455,FALSE,101.8706897,34.22875,RegularPlay,Crystal Palace
158,9826,818975,Eberechi Eze,54,0.03267825767,NA,AttemptSaved,#004A97,4193455,FALSE,77.86747573,22.4578344,FreeKick,Crystal Palace
159,9826,637746,Odsonne Edouard,60,0.01302013453,NA,Miss,#004A97,4193455,FALSE,91.5,35.3725,SetPiece,Crystal Palace
160,9826,637746,Odsonne Edouard,61,0.1760829836,0.0675,AttemptSaved,#004A97,4193455,FALSE,98.92105263,29.46357143,SetPiece,Crystal Palace
161,8657,511032,Ben Osborn,62,0.123315908,NA,AttemptSaved,#B10000,4193455,FALSE,94.28947368,24.62980892,FastBreak,Sheffield United
162,9826,214570,Jeffrey Schlupp,72,0.06108895317,0.0689,AttemptSaved,#004A97,4193455,FALSE,94.38596491,42.00375,RegularPlay,Crystal Palace
163,8657,793820,Anel Ahmedhodzic,74,0.02021764033,NA,AttemptSaved,#B10000,4193455,FALSE,83.72378641,19.86547771,RegularPlay,Sheffield United
164,9826,818975,Eberechi Eze,75,0.171644032,NA,AttemptSaved,#004A97,4193455,FALSE,90.8,38.70452381,RegularPlay,Crystal Palace
165,8657,1258092,William Osula,75,0.2184375823,NA,Miss,#B10000,4193455,FALSE,91.3,30.304,FastBreak,Sheffield United
166,9826,154280,Jordan Ayew,76,0.02891336381,0.0239,AttemptSaved,#004A97,4193455,FALSE,99.59482759,17.83363058,RegularPlay,Crystal Palace
167,9826,466672,Jefferson Lerma,80,0.01620695367,NA,Miss,#004A97,4193455,FALSE,71.67330097,40.04928572,RegularPlay,Crystal Palace
168,9826,818975,Eberechi Eze,84,0.07327593863,NA,Miss,#004A97,4193455,FALSE,92.2,30.95,RegularPlay,Crystal Palace
169,9826,503659,Joachim Andersen,86,0.1338994652,0.1446,AttemptSaved,#004A97,4193455,FALSE,100.3534483,29.7997619,SetPiece,Crystal Palace
170,8657,210971,Oliver Norwood,88,0.02422088757,NA,Miss,#B10000,4193455,FALSE,83.61116505,21.47694268,RegularPlay,Sheffield United
171,10261,850354,Bruno Guimaraes,6,0.06552032381,0.2468,AttemptSaved,#000000,4193456,FALSE,82.25970874,31.7125,RegularPlay,Newcastle United
172,10261,867414,Sandro Tonali,6,0.2163973749,0.8979,Goal,#000000,4193456,FALSE,98.8245614,33.8475,RegularPlay,Newcastle United
173,10261,867414,Sandro Tonali,8,0.4177814722,0.6806,AttemptSaved,#000000,4193456,FALSE,96.12280702,44.21095541,RegularPlay,Newcastle United
174,10252,923498,Moussa Diaby,9,0.02340988629,0.1681,AttemptSaved,#73103c,4193456,FALSE,95.35087719,50.58675159,FastBreak,Aston Villa
175,10252,923498,Moussa Diaby,11,0.1331111342,0.1254,Goal,#73103c,4193456,FALSE,93.3,30.41625,RegularPlay,Aston Villa
176,10261,690107,Alexander Isak,16,0.4438659847,0.3239,Goal,#000000,4193456,FALSE,96.4122807,33.5425,SetPiece,Newcastle United
177,10252,419664,Tyrone Mings,21,0.007454854436,NA,AttemptSaved,#73103c,4193456,FALSE,89.4,26.69,SetPiece,Aston Villa
178,10252,540088,Ollie Watkins,24,0.1567864567,NA,Miss,#73103c,4193456,FALSE,94.6754386,33.46625,FastBreak,Aston Villa
179,10252,787350,Douglas Luiz,35,0.1117084101,NA,Miss,#73103c,4193456,FALSE,98.43859649,30.328,FromCorner,Aston Villa
180,10252,923498,Moussa Diaby,42,0.1201949269,NA,Miss,#73103c,4193456,FALSE,100.7327586,22.03745223,RegularPlay,Aston Villa
181,10252,787350,Douglas Luiz,45,0.0209186729,NA,AttemptSaved,#73103c,4193456,FALSE,85.49411765,43.65044586,RegularPlay,Aston Villa
182,10261,188058,Daniel Burn,45,0.1580138505,NA,Miss,#000000,4193456,FALSE,101.0172414,39.79714286,SetPiece,Newcastle United
183,10261,850354,Bruno Guimaraes,48,0.02659561858,NA,AttemptSaved,#000000,4193456,FALSE,94.19298245,16.92280255,RegularPlay,Newcastle United
184,10261,906937,Anthony Gordon,51,0.0681950599,NA,AttemptSaved,#000000,4193456,FALSE,93.4,33.77125,RegularPlay,Newcastle United
185,10261,956682,Sven Botman,52,0.07021926343,NA,Miss,#000000,4193456,FALSE,96.89473684,33.92375,FromCorner,Newcastle United
186,10252,816325,Boubacar Kamara,55,0.02500427328,NA,Miss,#73103c,4193456,FALSE,100.1637931,42.350625,FromCorner,Aston Villa
187,10261,690107,Alexander Isak,58,0.0751375556,0.54,Goal,#000000,4193456,FALSE,97.85964912,43.86063694,RegularPlay,Newcastle United
188,10252,787350,Douglas Luiz,60,0.02078404278,NA,AttemptSaved,#73103c,4193456,FALSE,76.51601942,42.8709375,RegularPlay,Aston Villa
189,10261,690107,Alexander Isak,60,0.253374815,0.3025,AttemptSaved,#000000,4193456,FALSE,93,26.343125,RegularPlay,Newcastle United
190,10261,442277,Miguel Almiron,62,0.05448590964,0.0241,AttemptSaved,#000000,4193456,FALSE,87.31911765,46.24280254,RegularPlay,Newcastle United
191,10252,540088,Ollie Watkins,64,0.1605206579,0.3891,AttemptSaved,#73103c,4193456,FALSE,93.7,44.49121019,FastBreak,Aston Villa
192,10252,729731,Matty Cash,64,0.7049229145,NA,Miss,#73103c,4193456,FALSE,97.57017544,29.7997619,FastBreak,Aston Villa
193,10252,729731,Matty Cash,74,0.01817638427,0.5733,AttemptSaved,#73103c,4193456,FALSE,94,13.11848342,RegularPlay,Aston Villa
194,10252,570434,Diego Carlos,75,0.06256716698,NA,Miss,#73103c,4193456,FALSE,96.31578947,34.7625,FromCorner,Aston Villa
195,10261,184321,Callum Wilson,77,0.4728325903,0.7785,Goal,#000000,4193456,FALSE,96.50877193,35.525,RegularPlay,Newcastle United
196,10261,184321,Callum Wilson,80,0.0159765128,0.0423,AttemptSaved,#000000,4193456,FALSE,102.25,47.36382165,RegularPlay,Newcastle United
197,10261,184321,Callum Wilson,81,0.3905234039,0.8099,AttemptSaved,#000000,4193456,FALSE,97.95614035,31.865,RegularPlay,Newcastle United
198,10261,535936,Joelinton,82,0.1161874607,NA,AttemptSaved,#000000,4193456,FALSE,102.1551724,28.70714286,FromCorner,Newcastle United
199,10252,184536,Philippe Coutinho,90,0.07627831399,NA,Miss,#73103c,4193456,FALSE,95.44736842,41.05785714,RegularPlay,Aston Villa
200,10261,760359,Harvey Barnes,90,0.5344870687,0.9535,Goal,#000000,4193456,FALSE,96.31578947,40.97380952,RegularPlay,Newcastle United
201,10261,184321,Callum Wilson,90,0.03129683435,0.2025,AttemptSaved,#000000,4193456,FALSE,76.17815534,17.5533758,FastBreak,Newcastle United
202,10252,787350,Douglas Luiz,90,0.03477777913,0.3477,AttemptSaved,#73103c,4193456,FALSE,100.1637931,56.25895734,FreeKick,Aston Villa
203,10252,570434,Diego Carlos,90,0.2078270763,0.2448,AttemptSaved,#73103c,4193456,FALSE,103.2931034,37.732,FromCorner,Aston Villa
204,8586,935379,Dejan Kulusevski,9,0.01199950185,NA,AttemptSaved,#132257,4193457,FALSE,90.8,21.33681529,FromCorner,Tottenham Hotspur
205,8586,1097466,Micky van de Ven,9,0.01353105344,NA,Miss,#132257,4193457,FALSE,90.7,31.94125,FromCorner,Tottenham Hotspur
206,8586,789066,Cristian Romero,11,0.5809347034,0.6226,Goal,#132257,4193457,FALSE,100.9224138,34.305,SetPiece,Tottenham Hotspur
207,9937,923312,Bryan Mbeumo,16,0.0499759391,0.0882,AttemptSaved,#C00808,4193457,FALSE,98.53508772,47.08356688,RegularPlay,Brentford
208,9937,1002039,Aaron Hickey,17,0.03183726966,NA,AttemptSaved,#C00808,4193457,FALSE,81.24611651,36.5925,RegularPlay,Brentford
209,9937,666857,Yoane Wissa,18,0.08082659543,0.0715,AttemptSaved,#C00808,4193457,FALSE,91.3,33.00875,FromCorner,Brentford
210,9937,923312,Bryan Mbeumo,27,0.7884,0.9887,Goal,#C00808,4193457,FALSE,94,34,Penalty,Brentford
211,8586,724306,Yves Bissouma,28,0.008127691224,NA,Miss,#132257,4193457,FALSE,52.29666667,34,RegularPlay,Tottenham Hotspur
212,9937,666857,Yoane Wissa,31,0.04605087638,NA,AttemptSaved,#C00808,4193457,FALSE,97.66666667,45.96254777,RegularPlay,Brentford
213,9937,666857,Yoane Wissa,36,0.1730687469,0.0778,Goal,#C00808,4193457,FALSE,92.9,40.55357143,RegularPlay,Brentford
214,8586,724306,Yves Bissouma,42,0.01669627801,NA,AttemptSaved,#132257,4193457,FALSE,75.27718447,35.14375,RegularPlay,Tottenham Hotspur
215,8586,724306,Yves Bissouma,44,0.0102196075,NA,AttemptSaved,#132257,4193457,FALSE,73.92572816,38.70452381,RegularPlay,Tottenham Hotspur
216,8586,212867,Heung-Min Son,45,0.02489206195,NA,Miss,#132257,4193457,FALSE,101.0172414,45.12178344,RegularPlay,Tottenham Hotspur
217,8586,797908,Emerson Royal,45,0.03358476982,0.2362,Goal,#132257,4193457,FALSE,82.82281553,37.768,RegularPlay,Tottenham Hotspur
218,9937,923312,Bryan Mbeumo,45,0.5623466969,NA,Miss,#C00808,4193457,FALSE,98.63157895,31.255,RegularPlay,Brentford
219,8586,493165,James Maddison,47,0.05084817857,0.0223,AttemptSaved,#132257,4193457,FALSE,89.5,43.65044586,RegularPlay,Tottenham Hotspur
220,8586,643533,Davinson Sánchez,52,0.1204519719,NA,Miss,#132257,4193457,FALSE,97.85964912,34.915,FromCorner,Tottenham Hotspur
221,8586,935379,Dejan Kulusevski,53,0.008836448193,NA,Miss,#132257,4193457,FALSE,96.12280702,19.30496816,FromCorner,Tottenham Hotspur
222,9937,688273,Vitaly Janelt,58,0.03564383462,0.391,AttemptSaved,#C00808,4193457,FALSE,92.5,52.68866242,RegularPlay,Brentford
223,9937,888912,Mikkel Damsgaard,58,0.07456931472,0.1155,AttemptSaved,#C00808,4193457,FALSE,91,33.2375,RegularPlay,Brentford
224,8586,935379,Dejan Kulusevski,60,0.01649482735,NA,AttemptSaved,#132257,4193457,FALSE,85.60147059,17.13299363,FromCorner,Tottenham Hotspur
225,8586,212867,Heung-Min Son,60,0.07559720427,0.1274,AttemptSaved,#132257,4193457,FALSE,96.79824561,44.49121019,FromCorner,Tottenham Hotspur
226,8586,1097466,Micky van de Ven,60,0.01603158377,NA,Miss,#132257,4193457,FALSE,92.4,48.83515923,FromCorner,Tottenham Hotspur
227,8586,493165,James Maddison,61,0.02022650279,NA,AttemptSaved,#132257,4193457,FALSE,86.675,23.29859873,RegularPlay,Tottenham Hotspur
228,8586,654908,Richarlison,64,0.08563913405,0.0626,AttemptSaved,#132257,4193457,FALSE,96.89473684,23.22853504,RegularPlay,Tottenham Hotspur
229,8586,1107280,Pape Sarr,83,0.08744934946,0.0378,AttemptSaved,#132257,4193457,FALSE,97.28070175,31.865,RegularPlay,Tottenham Hotspur
230,9937,803343,Mads Roerslev,86,0.03059513308,NA,AttemptSaved,#C00808,4193457,FALSE,85.81617647,37.66,IndividualPlay,Brentford
231,9937,1083796,Kevin Schade,87,0.3487523794,NA,Miss,#C00808,4193457,FALSE,92.3,19.30496816,RegularPlay,Brentford
232,8586,654908,Richarlison,89,0.08795048296,NA,AttemptSaved,#132257,4193457,FALSE,92.7,37.355,RegularPlay,Tottenham Hotspur
233,8650,570461,Diogo Jota,2,0.022569675,NA,Miss,#d3171e,4193458,FALSE,92.2,36.21125,RegularPlay,Liverpool
234,8650,570461,Diogo Jota,6,0.0479528904,NA,Miss,#d3171e,4193458,FALSE,92.3,23.6489172,RegularPlay,Liverpool
235,8455,1137705,Enzo Fernández,11,0.0603273809,NA,AttemptSaved,#064b95,4193458,FALSE,96.4122807,22.4578344,RegularPlay,Chelsea
236,8650,292462,Mohamed Salah,12,0.07991847396,NA,Post,#d3171e,4193458,FALSE,87.31911765,36.135,RegularPlay,Liverpool
237,8455,1197347,Nicolas Jackson,16,0.1266612709,0.229,AttemptSaved,#064b95,4193458,FALSE,98.34210526,30.28,RegularPlay,Chelsea
238,8650,860914,Luis Diaz,18,0.5137662888,0.7977,Goal,#d3171e,4193458,FALSE,95.44736842,37.43125,RegularPlay,Liverpool
239,8455,1197347,Nicolas Jackson,24,0.04398177564,NA,Miss,#064b95,4193458,FALSE,93.8,43.65044586,RegularPlay,Chelsea
240,8650,292462,Mohamed Salah,26,0.1659369618,NA,AttemptSaved,#d3171e,4193458,FALSE,90.6,30.256,RegularPlay,Liverpool
241,8455,696646,Axel Disasi,37,0.4148137569,0.8555,Goal,#064b95,4193458,FALSE,100.4482759,34.4575,FromCorner,Chelsea
242,8650,292462,Mohamed Salah,41,0.0344331488,NA,Miss,#d3171e,4193458,FALSE,91.4,21.12662421,RegularPlay,Liverpool
243,8455,1197347,Nicolas Jackson,43,0.1305197775,NA,Miss,#064b95,4193458,FALSE,97.47368421,31.255,RegularPlay,Chelsea
244,8455,696646,Axel Disasi,45,0.05874358863,NA,Miss,#064b95,4193458,FALSE,95.92982456,33.46625,SetPiece,Chelsea
245,8650,860914,Luis Diaz,47,0.1109839976,NA,Miss,#d3171e,4193458,FALSE,94.48245614,42.350625,RegularPlay,Liverpool
246,8650,860914,Luis Diaz,49,0.05118311197,NA,Miss,#d3171e,4193458,FALSE,92.3,26.4009375,FromCorner,Liverpool
247,8650,209405,Virgil van Dijk,49,0.02650369518,NA,Miss,#d3171e,4193458,FALSE,87.31911765,50.72687898,FromCorner,Liverpool
248,8650,860914,Luis Diaz,53,0.1673840135,NA,AttemptSaved,#d3171e,4193458,FALSE,101.3017241,38.53642857,FromCorner,Liverpool
249,8650,846005,Dominik Szoboszlai,54,0.02128707431,NA,AttemptSaved,#d3171e,4193458,FALSE,82.14708738,43.65044586,RegularPlay,Liverpool
250,8455,672469,Ben Chilwell,55,0.1584961712,0.1691,AttemptSaved,#064b95,4193458,FALSE,96.60526316,46.94343949,RegularPlay,Chelsea
251,8455,807729,Reece James,62,0.03378985077,NA,Miss,#064b95,4193458,FALSE,90.4,63.80208531,FreeKick,Chelsea
252,8455,1096400,Levi Colwill,65,0.08272824436,NA,AttemptSaved,#064b95,4193458,FALSE,91.7,38.53642857,FromCorner,Chelsea
253,8455,1197347,Nicolas Jackson,71,0.2439896464,0.1829,AttemptSaved,#064b95,4193458,FALSE,97.95614035,45.47210191,FastBreak,Chelsea
254,8650,950561,Darwin Nunez,82,0.02266065404,NA,AttemptSaved,#d3171e,4193458,FALSE,82.71019418,41.14190476,RegularPlay,Liverpool
255,8650,950561,Darwin Nunez,90,0.0140308179,NA,AttemptSaved,#d3171e,4193458,FALSE,81.47135922,46.8033121,RegularPlay,Liverpool
256,8602,863098,Matheus Cunha,3,0.008978408761,NA,AttemptSaved,#d99b00,4193459,FALSE,78.20533981,23.7189809,RegularPlay,Wolverhampton Wanderers
257,10260,696365,Marcus Rashford,11,0.1785126477,0.1077,AttemptSaved,#C70101,4193459,FALSE,94.28947368,20.14573249,RegularPlay,Manchester United
258,10260,1203665,Alejandro Garnacho,13,0.008409339003,NA,AttemptSaved,#C70101,4193459,FALSE,84.62475728,44.77146496,FromCorner,Manchester United
259,8602,1174672,Joao Gomes,18,0.0101140663,NA,AttemptSaved,#d99b00,4193459,FALSE,94.28947368,43.23006369,SetPiece,Wolverhampton Wanderers
260,8602,240054,Pablo Sarabia,26,0.05799842998,NA,AttemptSaved,#d99b00,4193459,FALSE,91.4,44.3510828,RegularPlay,Wolverhampton Wanderers
261,8602,421786,Mario Lemina,27,0.01141323242,NA,AttemptSaved,#d99b00,4193459,FALSE,73.47524272,39.9652381,RegularPlay,Wolverhampton Wanderers
262,8602,863098,Matheus Cunha,33,0.1903741509,NA,Miss,#d99b00,4193459,FALSE,94.38596491,22.73808918,RegularPlay,Wolverhampton Wanderers
263,10260,696365,Marcus Rashford,38,0.1398990601,NA,AttemptSaved,#C70101,4193459,FALSE,96.99122807,34.07625,RegularPlay,Manchester United
264,10260,422685,Bruno Fernandes,38,0.02408614755,NA,AttemptSaved,#C70101,4193459,FALSE,76.17815534,30.28,RegularPlay,Manchester United
265,10260,1203665,Alejandro Garnacho,42,0.04185263813,NA,Miss,#C70101,4193459,FALSE,95.25438596,49.60585987,RegularPlay,Manchester United
266,10260,967622,Antony,45,0.05416506529,NA,AttemptSaved,#C70101,4193459,FALSE,95.92982456,21.89732484,RegularPlay,Manchester United
267,10260,696365,Marcus Rashford,45,0.06071066856,NA,AttemptSaved,#C70101,4193459,FALSE,93.5,24.34955415,RegularPlay,Manchester United
268,10260,230982,Raphaël Varane,45,0.1721995771,NA,Miss,#C70101,4193459,FALSE,97.47368421,35.0675,FromCorner,Manchester United
269,8602,843040,Pedro Neto,46,0.009422989562,0.159,AttemptSaved,#d99b00,4193459,FALSE,103.1982759,20.98649682,RegularPlay,Wolverhampton Wanderers
270,8602,843040,Pedro Neto,49,0.5019109845,NA,Miss,#d99b00,4193459,FALSE,97.0877193,30.292,RegularPlay,Wolverhampton Wanderers
271,8602,863098,Matheus Cunha,49,0.2355846018,NA,Post,#d99b00,4193459,FALSE,102.0603448,39.37690476,RegularPlay,Wolverhampton Wanderers
272,10260,967622,Antony,51,0.07609356195,NA,AttemptSaved,#C70101,4193459,FALSE,91.4,34.07625,RegularPlay,Manchester United
273,10260,1203665,Alejandro Garnacho,52,0.03037979826,NA,AttemptSaved,#C70101,4193459,FALSE,92.5,43.93070063,RegularPlay,Manchester United
274,10260,967622,Antony,53,0.05465607345,NA,AttemptSaved,#C70101,4193459,FALSE,99.5,20.49605096,RegularPlay,Manchester United
275,8602,863098,Matheus Cunha,55,0.06892893463,0.1614,AttemptSaved,#d99b00,4193459,FALSE,82.48495146,35.3725,FastBreak,Wolverhampton Wanderers
276,8602,169162,Craig Dawson,59,0.0582655333,NA,AttemptSaved,#d99b00,4193459,FALSE,97.66666667,39.79714286,FromCorner,Wolverhampton Wanderers
277,10260,1203665,Alejandro Garnacho,59,0.03965658695,NA,Miss,#C70101,4193459,FALSE,86.88970588,44.49121019,RegularPlay,Manchester United
278,8602,863098,Matheus Cunha,64,0.06694534421,NA,Miss,#d99b00,4193459,FALSE,96.89473684,38.2002381,SetPiece,Wolverhampton Wanderers
279,8602,620026,Hee-Chan Hwang,67,0.0352036804,NA,Miss,#d99b00,4193459,FALSE,84.51213592,46.59312102,RegularPlay,Wolverhampton Wanderers
280,8602,843040,Pedro Neto,72,0.3704050779,0.1046,AttemptSaved,#d99b00,4193459,FALSE,93,30.316,FastBreak,Wolverhampton Wanderers
281,10260,230982,Raphaël Varane,76,0.8324764371,0.7361,Goal,#C70101,4193459,FALSE,102.0603448,34.83875,RegularPlay,Manchester United
282,8602,620026,Hee-Chan Hwang,81,0.1091491506,NA,Miss,#d99b00,4193459,FALSE,92.2,36.2875,RegularPlay,Wolverhampton Wanderers
283,10260,696365,Marcus Rashford,82,0.05315998197,NA,AttemptSaved,#C70101,4193459,FALSE,91.9,42.0615625,RegularPlay,Manchester United
284,8602,1050158,Fabio Silva,83,0.07976897061,0.1374,AttemptSaved,#d99b00,4193459,FALSE,101.4913793,26.343125,RegularPlay,Wolverhampton Wanderers
285,8602,1050158,Fabio Silva,84,0.0739280954,0.0371,AttemptSaved,#d99b00,4193459,FALSE,95.92982456,29.63166667,RegularPlay,Wolverhampton Wanderers
286,10260,1073402,Facundo Pellistri,85,0.4441154897,NA,Miss,#C70101,4193459,FALSE,102.0603448,30.56875,RegularPlay,Manchester United
287,8602,865931,Max Kilman,88,0.03013406508,0.1803,AttemptSaved,#d99b00,4193459,FALSE,97.57017544,41.4834375,SetPiece,Wolverhampton Wanderers
288,8602,1050158,Fabio Silva,90,0.1276308745,NA,AttemptSaved,#d99b00,4193459,FALSE,97.47368421,30.268,RegularPlay,Wolverhampton Wanderers
289,8602,620026,Hee-Chan Hwang,90,0.06358408183,NA,AttemptSaved,#d99b00,4193459,FALSE,94.28947368,45.96254777,RegularPlay,Wolverhampton Wanderers
290,8602,421786,Mario Lemina,90,0.02859292924,NA,AttemptSaved,#d99b00,4193459,FALSE,84.06165049,30.4925,FromCorner,Wolverhampton Wanderers
291,8602,421786,Mario Lemina,90,0.06097183004,NA,AttemptSaved,#d99b00,4193459,FALSE,90.4,34.99125,RegularPlay,Wolverhampton Wanderers
292,8602,1116391,Hugo Bueno,90,0.0392643176,NA,AttemptSaved,#d99b00,4193459,FALSE,84.51213592,42.6975,RegularPlay,Wolverhampton Wanderers
293,8602,620026,Hee-Chan Hwang,90,0.1082924157,NA,Miss,#d99b00,4193459,FALSE,97.0877193,38.45238095,RegularPlay,Wolverhampton Wanderers