"","match_id","team_name","fullname","role","fantasy_score_num","Bonus Point","stats_fot_mob_rating","stats_minutes_played","stats_goals","stats_assists","stats_expected_goals_x_g","stats_expected_assists_x_a","stats_expected_goals_on_target_x_got","stats_total_shots","stats_shot_accuracy","stats_chances_created"
"1",4193450,"Burnley","James Trafford","Keeper","2",NA,"6.47","90",NA,NA,NA,NA,NA,NA,NA,NA
"2",4193450,"Burnley","Connor Roberts","Defender","1",NA,"5.87","90","0","0",NA,"0.01",NA,"0",NA,"0"
"3",4193450,"Burnley","Ameen Al Dakhil","Defender","1",NA,"5.6","90","0","0",NA,"0.01",NA,"0",NA,"0"
"4",4193450,"Burnley","Dara O'Shea","Defender","1",NA,"5.77","90","0","0",NA,NA,NA,"0",NA,"0"
"5",4193450,"Burnley","Jordan Beyer","Defender","1",NA,"6.88","74","0","0",NA,NA,NA,"0",NA,"0"
"6",4193450,"Burnley"," Vitinho","Defender","1",NA,"5.61","90","0","0",NA,"0.03",NA,"0",NA,"1"
"7",4193450,"Burnley","Luca Koleosho","Midfielder","2",NA,"6.1","61","0","0","0.08","0.03",NA,"1","0/1 (0%)","2"
"8",4193450,"Burnley","Sander Berge","Midfielder","2",NA,"5.93","89","0","0",NA,NA,NA,"0",NA,"0"
"9",4193450,"Burnley","Josh Cullen","Midfielder","2",NA,"6.39","90","0","0",NA,"0.01",NA,"0",NA,"0"
"10",4193450,"Burnley","Lyle Foster","Attacker","2",NA,"6.38","89","0","0","0.15","0.04",NA,"2","0/1 (0%)","1"
"11",4193450,"Burnley","Zeki Amdouni","Attacker","2",NA,"6.69","61","0","0","0.03",NA,"0.02","1","1/1 (100%)","0"
"12",4193450,"Manchester City","Erling Haaland","Attacker","10 "," 3","8.82","80","2","0","0.57","0.05","1.12","4","2/3 (67%)","2"
"13",4193450,"Manchester City","Phil Foden","Attacker","3",NA,"7.07","90","0","0","0.29","0.15","0.33","3","1/2 (50%)","2"
"14",4193450,"Manchester City","Julián Álvarez","Attacker","5",NA,"8.23","90","0","1","0.35","0.37","0.02","3","1/2 (50%)","6"
"15",4193450,"Manchester City","Bernardo Silva","Midfielder","3",NA,"6.64","90","0","0",NA,"0.03",NA,"0",NA,"0"
"16",4193450,"Manchester City"," Rodri","Midfielder","11 "," 2","9.06","90","1","1","0.50","0.17","1.24","4","3/3 (100%)","1"
"17",4193450,"Manchester City","Kevin De Bruyne","Midfielder","1",NA,"6.5","23","0","0","0.02","0.16",NA,"1","0/1 (0%)","1"
"18",4193450,"Manchester City","Rico Lewis","Defender","6",NA,"7.23","79","0","0",NA,"0.01",NA,"0",NA,"0"
"19",4193450,"Manchester City","Nathan Aké","Defender","6 "," 1","7.75","79","0","0","0.31","0.01",NA,"1",NA,"0"
"20",4193450,"Manchester City","Manuel Akanji","Defender","6",NA,"7.36","90","0","0",NA,"0.01",NA,"0",NA,"0"
"21",4193450,"Manchester City","Kyle Walker","Defender","6",NA,"7.54","89","0","0",NA,"0.04",NA,"0",NA,"1"
"22",4193450,"Manchester City","Ederson Moraes","Keeper","6",NA,"7.43","90",NA,NA,NA,"0.01",NA,NA,NA,NA
"23",4193450,"Burnley","Anass Zaroury","Attacker","-2",NA,"5.25","28","0","0","0.04","0.06",NA,"1",NA,"1"
"24",4193450,"Burnley","Jacob Bruun Larsen","Attacker","1",NA,"6.05","29","0","0","0.02","0.01",NA,"1","0/1 (0%)","0"
"25",4193450,"Burnley","Manuel Benson","Attacker","1",NA,"5.66","16","0","0",NA,NA,NA,"0",NA,"0"
"26",4193450,"Burnley","Nathan Redmond","Attacker","1",NA,"0","1","0","0",NA,NA,NA,"0",NA,"0"
"27",4193450,"Burnley","Josh Brownhill","Midfielder","1",NA,"0","1","0","0",NA,NA,NA,"0",NA,"0"
"28",4193450,"Burnley","Jack Cork","Midfielder",NA,NA,"0",NA,"0","0",NA,NA,NA,"0",NA,"0"
"29",4193450,"Burnley","Johann Berg Gudmundsson","Midfielder",NA,NA,"0",NA,"0","0",NA,NA,NA,"0",NA,"0"
"30",4193450,"Burnley","Hjalmar Ekdal","Defender",NA,NA,"0",NA,"0","0",NA,NA,NA,"0",NA,"0"
"31",4193450,"Burnley","Arijanet Muric","Keeper",NA,NA,NA,NA,NA,NA,NA,NA,NA,NA,NA,NA
"32",4193450,"Manchester City","Mateo Kovacic","Midfielder","3",NA,"7.1","67","0","0",NA,"0.24",NA,"0",NA,"1"
"33",4193450,"Manchester City","Aymeric Laporte","Defender","1",NA,"6.44","11","0","0","0.04",NA,"0.02","1","1/1 (100%)","0"
"34",4193450,"Manchester City","Josko Gvardiol","Defender","1",NA,"6.67","11","0","0",NA,NA,NA,"0",NA,"0"
"35",4193450,"Manchester City","Cole Palmer","Midfielder","1",NA,"5.95","10","0","0",NA,"0.02",NA,"0",NA,"0"
"36",4193450,"Manchester City","James McAtee","Midfielder","1",NA,"0","1","0","0",NA,NA,NA,"0",NA,"0"
"37",4193450,"Manchester City","Jack Grealish","Attacker",NA,NA,"0",NA,"0","0",NA,NA,NA,"0",NA,"0"
"38",4193450,"Manchester City","Kalvin Phillips","Midfielder",NA,NA,"0",NA,"0","0",NA,NA,NA,"0",NA,"0"
"39",4193450,"Manchester City","Sergio Gomez","Defender",NA,NA,"0",NA,"0","0",NA,NA,NA,"0",NA,"0"
"40",4193450,"Manchester City","Stefan Ortega","Keeper",NA,NA,NA,NA,NA,NA,NA,NA,NA,NA,NA,NA
"41",4193451,"Arsenal","Aaron Ramsdale","Keeper","2",NA,"6.29","90",NA,NA,NA,NA,NA,NA,NA,NA
"42",4193451,"Arsenal","Thomas Partey","Midfielder","2",NA,"7.8","90","0","0",NA,"0.06",NA,"0",NA,"2"
"43",4193451,"Arsenal","Ben White","Defender","1",NA,"6.99","90","0","0",NA,"0.03",NA,"0",NA,"0"
"44",4193451,"Arsenal","William Saliba","Defender","5",NA,"8.01","90","0","1",NA,"0.03",NA,"0",NA,"1"
"45",4193451,"Arsenal","Jurrien Timber","Defender","0",NA,"7.03","50","0","0",NA,"0.01",NA,"0",NA,"0"
"46",4193451,"Arsenal","Martin Ødegaard","Midfielder","2",NA,"7.5","90","0","0","0.11","0.09",NA,"3","0/1 (0%)","1"
"47",4193451,"Arsenal","Declan Rice","Midfielder","2",NA,"7.57","90","0","0","0.25","0.03","1.14","3","3/3 (100%)","0"
"48",4193451,"Arsenal","Kai Havertz","Attacker","2",NA,"7.32","90","0","0","0.05","0.24",NA,"2",NA,"2"
"49",4193451,"Arsenal","Bukayo Saka","Attacker","7 "," 3","8.38","90","1","0","0.19","0.17","0.66","3","2/2 (100%)","3"
"50",4193451,"Arsenal","Edward Nketiah","Attacker","6 "," 2","7.64","73","1","0","0.21","0.01","0.02","3","1/3 (33%)","0"
"51",4193451,"Arsenal","Gabriel Martinelli","Attacker","5",NA,"7.88","86","0","1",NA,"0.22",NA,"0",NA,"3"
"52",4193451,"Nottingham Forest","Morgan Gibbs-White","Midfielder","2",NA,"7.17","90","0","0","0.07","0.21",NA,"1","0/1 (0%)","1"
"53",4193451,"Nottingham Forest","Brennan Johnson","Attacker","2",NA,"5.96","80","0","0","0.28",NA,NA,"1","0/1 (0%)","0"
"54",4193451,"Nottingham Forest"," Danilo","Midfielder","2",NA,"6.83","71","0","0",NA,"0.01",NA,"0",NA,"0"
"55",4193451,"Nottingham Forest","Ola Aina","Defender","0",NA,"6.6","72","0","0","0.02",NA,NA,"1",NA,"0"
"56",4193451,"Nottingham Forest","Orel Mangala","Midfielder","1",NA,"5.75","89","0","0",NA,NA,NA,"0",NA,"1"
"57",4193451,"Nottingham Forest","Ryan Yates","Midfielder","2",NA,"6.24","90","0","0",NA,"0.01",NA,"0",NA,"0"
"58",4193451,"Nottingham Forest","Serge Aurier","Defender","1",NA,"6.77","90","0","0",NA,NA,NA,"0",NA,"0"
"59",4193451,"Nottingham Forest","Scott McKenna","Defender","1",NA,"6.4","90","0","0",NA,NA,NA,"0",NA,"0"
"60",4193451,"Nottingham Forest","Joe Worrall","Defender","1",NA,"6.24","89","0","0",NA,NA,NA,"0",NA,"0"
"61",4193451,"Nottingham Forest","Willy Boly","Defender","1",NA,"6.39","90","0","0","0.21","0.03","0.08","1","1/1 (100%)","1"
"62",4193451,"Nottingham Forest","Matt Turner","Keeper","2",NA,"6.75","90",NA,NA,NA,NA,NA,NA,NA,NA
"63",4193451,"Arsenal","Takehiro Tomiyasu","Defender","1",NA,"6.68","40","0","0","0.03","0.02","0.16","1","1/1 (100%)","0"
"64",4193451,"Arsenal","Leandro Trossard","Attacker","1",NA,"6.73","17","0","0",NA,"0.01",NA,"0",NA,"1"
"65",4193451,"Arsenal"," Gabriel","Defender","1",NA,"0","4","0","0",NA,NA,NA,"0",NA,"0"
"66",4193451,"Arsenal","Reiss Nelson","Attacker",NA,NA,"0",NA,"0","0",NA,NA,NA,"0",NA,"0"
"67",4193451,"Arsenal","Emile Smith Rowe","Midfielder",NA,NA,"0",NA,"0","0",NA,NA,NA,"0",NA,"0"
"68",4193451,"Arsenal","Fabio Vieira","Midfielder",NA,NA,"0",NA,"0","0",NA,NA,NA,"0",NA,"0"
"69",4193451,"Arsenal"," Jorginho","Midfielder",NA,NA,"0",NA,"0","0",NA,NA,NA,"0",NA,"0"
"70",4193451,"Arsenal","Jakub Kiwior","Defender",NA,NA,"0",NA,"0","0",NA,NA,NA,"0",NA,"0"
"71",4193451,"Arsenal","Karl Hein","Keeper",NA,NA,NA,NA,NA,NA,NA,NA,NA,NA,NA,NA
"72",4193451,"Nottingham Forest","Taiwo Awoniyi","Attacker","5 "," 2","6.97","19","1","0","0.57",NA,"0.87","1","1/1 (100%)","0"
"73",4193451,"Nottingham Forest","Neco Williams","Defender","1",NA,"6.28","18","0","0",NA,NA,NA,"0",NA,"0"
"74",4193451,"Nottingham Forest","Anthony Elanga","Attacker","4",NA,"7.1","10","0","1",NA,"0.61",NA,"0",NA,"2"
"75",4193451,"Nottingham Forest","Chris Wood","Attacker","1",NA,"0","1","0","0",NA,NA,NA,"0",NA,"0"
"76",4193451,"Nottingham Forest","Cheikhou Kouyaté","Midfielder","1",NA,"0","1","0","0","0.02",NA,NA,"1","0/1 (0%)","0"
"77",4193451,"Nottingham Forest","Lewis O'Brien","Midfielder",NA,NA,"0",NA,"0","0",NA,NA,NA,"0",NA,"0"
"78",4193451,"Nottingham Forest","Remo Freuler","Midfielder",NA,NA,"0",NA,"0","0",NA,NA,NA,"0",NA,"0"
"79",4193451,"Nottingham Forest","Moussa Niakhaté","Defender",NA,NA,"0",NA,"0","0",NA,NA,NA,"0",NA,"0"
"80",4193451,"Nottingham Forest","Ethan Horvath","Keeper",NA,NA,NA,NA,NA,NA,NA,NA,NA,NA,NA,NA
"81",4193452,"AFC Bournemouth"," Neto","Keeper","2",NA,"6.07","90",NA,NA,NA,"0.01",NA,NA,NA,NA
"82",4193452,"AFC Bournemouth","Max Aarons","Defender","2",NA,"6.84","75","0","0",NA,"0.07",NA,"0",NA,"1"
"83",4193452,"AFC Bournemouth","Illia Zabarnyi","Defender","2",NA,"6.73","90","0","0",NA,"0.01",NA,"0",NA,"0"
"84",4193452,"AFC Bournemouth","Marcos Senesi","Defender","1",NA,"6.66","60","0","0","0.09","0.02",NA,"0",NA,"0"
"85",4193452,"AFC Bournemouth","Milos Kerkez","Defender","2",NA,"7.21","90","0","0",NA,"0.05",NA,"0",NA,"1"
"86",4193452,"AFC Bournemouth","Philip Billing","Midfielder","2",NA,"7.63","90","0","0","0.07","0.06",NA,"2","0/1 (0%)","1"
"87",4193452,"AFC Bournemouth","Joe Rothwell","Midfielder","2",NA,"8.05","90","0","0","0.03","0.04",NA,"1","0/1 (0%)","1"
"88",4193452,"AFC Bournemouth","David Brooks","Attacker","2",NA,"6.35","75","0","0","0.16","0.02","0.23","4","2/4 (50%)","1"
"89",4193452,"AFC Bournemouth","Ryan Christie","Midfielder","2",NA,"6.86","67","0","0","0.02","0.03","0.04","1","1/1 (100%)","1"
"90",4193452,"AFC Bournemouth","Jaidon Anthony","Midfielder","1",NA,"6.22","60","0","0",NA,NA,NA,"0",NA,"0"
"91",4193452,"AFC Bournemouth","Dominic Solanke","Attacker","6 "," 1","7.19","90","1","0","0.98","0.14","1.13","3","2/3 (67%)","2"
"92",4193452,"West Ham United","Michail Antonio","Attacker","1",NA,"6.54","78","0","0",NA,"0.01",NA,"0",NA,"0"
"93",4193452,"West Ham United","Said Benrahma","Attacker","2",NA,"6.79","90","0","0","0.08","0.27","0.19","2","1/2 (50%)","2"
"94",4193452,"West Ham United","Pablo Fornals","Attacker","2",NA,"6.56","86","0","0","0.09","0.09",NA,"2","0/2 (0%)","1"
"95",4193452,"West Ham United","Jarrod Bowen","Attacker","6 "," 3","8.18","90","1","0","0.22","0.35","0.51","6","1/3 (33%)","3"
"96",4193452,"West Ham United","Lucas Paquetá","Midfielder","1",NA,"8.54","89","0","0","0.18","0.21",NA,"3","1/3 (33%)","2"
"97",4193452,"West Ham United","Tomas Soucek","Midfielder","5 "," 2","8.3","90","0","1","0.37","0.01",NA,"2","0/2 (0%)","1"
"98",4193452,"West Ham United"," Emerson","Defender","1",NA,"7.28","90","0","0",NA,"0.25",NA,"0",NA,"2"
"99",4193452,"West Ham United","Naif Aguerd","Defender","2",NA,"6.95","90","0","0",NA,NA,NA,"0",NA,"0"
"100",4193452,"West Ham United","Kurt Zouma","Defender","2",NA,"6.92","90","0","0",NA,NA,NA,"0",NA,"0"
"101",4193452,"West Ham United","Vladimir Coufal","Defender","2",NA,"7.48","90","0","0",NA,"0.16",NA,"0",NA,"2"
"102",4193452,"West Ham United","Alphonse Areola","Keeper","3",NA,"7.03","90",NA,NA,NA,NA,NA,NA,NA,NA
"103",4193452,"AFC Bournemouth","Justin Kluivert","Attacker","1",NA,"6","30","0","0",NA,"0.01",NA,"0",NA,"0"
"104",4193452,"AFC Bournemouth","Chris Mepham","Defender","0",NA,"6.37","30","0","0",NA,"0.01",NA,"0",NA,"1"
"105",4193452,"AFC Bournemouth","Kieffer Moore","Attacker","1",NA,"5.85","23","0","0","0.04","0.05",NA,"1",NA,"0"
"106",4193452,"AFC Bournemouth","Antoine Semenyo","Attacker","4",NA,"6.45","15","0","0","0.07","0.01",NA,"2","0/1 (0%)","0"
"107",4193452,"AFC Bournemouth","James Hill","Defender","1",NA,"5.89","15","0","0",NA,"0.01",NA,"0",NA,"0"
"108",4193452,"AFC Bournemouth","Gavin Kilkenny","Midfielder",NA,NA,"0",NA,"0","0",NA,NA,NA,"0",NA,"0"
"109",4193452,"AFC Bournemouth","Hamed Traorè","Midfielder",NA,NA,"0",NA,"0","0",NA,NA,NA,"0",NA,"0"
"110",4193452,"AFC Bournemouth","Ben Greenwood","Defender",NA,NA,"0",NA,"0","0",NA,NA,NA,"0",NA,"0"
"111",4193452,"AFC Bournemouth","Ionut Andrei Radu","Keeper",NA,NA,NA,NA,NA,NA,NA,NA,NA,NA,NA,NA
"112",4193452,"West Ham United","Danny Ings","Attacker","1",NA,"6.03","12","0","0","0.12",NA,NA,"1",NA,"0"
"113",4193452,"West Ham United","Thilo Kehrer","Defender","1",NA,"0","4","0","0",NA,NA,NA,"0",NA,"0"
"114",4193452,"West Ham United","Maxwel Cornet","Attacker","1",NA,"0","1","0","0",NA,NA,NA,"0",NA,"0"
"115",4193452,"West Ham United","Divin Mubama","Attacker",NA,NA,"0",NA,"0","0",NA,NA,NA,"0",NA,"0"
"116",4193452,"West Ham United","Conor Coventry","Midfielder",NA,NA,"0",NA,"0","0",NA,NA,NA,"0",NA,"0"
"117",4193452,"West Ham United","Angelo Ogbonna","Defender",NA,NA,"0",NA,"0","0",NA,NA,NA,"0",NA,"0"
"118",4193452,"West Ham United","Ben Johnson","Defender",NA,NA,"0",NA,"0","0",NA,NA,NA,"0",NA,"0"
"119",4193452,"West Ham United","Joseph Anang","Keeper",NA,NA,NA,NA,NA,NA,NA,NA,NA,NA,NA,NA
"120",4193452,"West Ham United","Lukasz Fabianski","Keeper",NA,NA,NA,NA,NA,NA,NA,NA,NA,NA,NA,NA
"121",4193453,"Brighton & Hove Albion","Jason Steele","Keeper","2",NA,"6.26","90",NA,NA,NA,NA,NA,NA,NA,NA
"122",4193453,"Brighton & Hove Albion","James Milner","Defender","3",NA,"6.97","79","0","0",NA,"0.02",NA,"0",NA,"0"
"123",4193453,"Brighton & Hove Albion","Jan Paul van Hecke","Defender","2",NA,"7.47","90","0","0","0.02",NA,"0.22","1","1/1 (100%)","0"
"124",4193453,"Brighton & Hove Albion","Lewis Dunk","Defender","2",NA,"6.99","90","0","0","0.12","0.59",NA,"2","0/2 (0%)","0"
"125",4193453,"Brighton & Hove Albion","Pervis Estupinán","Defender","4 "," 3","8.76","90","0","1","0.10","0.86","0.16","3","2/2 (100%)","6"
"126",4193453,"Brighton & Hove Albion","Pascal Gross","Midfielder","2",NA,"8.59","90","0","0","0.50","0.46","0.60","3","1/3 (33%)","6"
"127",4193453,"Brighton & Hove Albion","Mahmoud Dahoud","Midfielder","3",NA,"7.42","74","0","0","0.04","0.10",NA,"2","0/1 (0%)","2"
"128",4193453,"Brighton & Hove Albion","Solly March","Attacker","8 "," 1","8.01","74","1","0","0.40","0.02","0.89","3","2/2 (100%)","2"
"129",4193453,"Brighton & Hove Albion","Joao Pedro","Midfielder","6 "," 1","8.44","88","1","0","1.35","0.03","1.19","4","2/3 (67%)","1"
"130",4193453,"Brighton & Hove Albion","Kaoru Mitoma","Attacker","4 "," 1","8.49","90","0","1","0.02","0.62",NA,"1","0/1 (0%)","5"
"131",4193453,"Brighton & Hove Albion","Danny Welbeck","Attacker","2",NA,"7.17","78","0","0","0.32","0.14","0.12","4","1/3 (33%)","0"
"132",4193453,"Luton Town","Elijah Adebayo","Attacker","2",NA,"6.19","64","0","0",NA,"0.05",NA,"0",NA,"1"
"133",4193453,"Luton Town","Carlton Morris","Attacker","6 "," 2","8.01","90","1","0","1.06","0.09","1.02","4","2/4 (50%)","0"
"134",4193453,"Luton Town","Ryan Giles","Defender","0",NA,"6.93","90","0","0",NA,"0.28",NA,"0",NA,"2"
"135",4193453,"Luton Town","Pelly-Ruddock Mpanzu","Midfielder","2",NA,"5.2","88","0","0","0.28",NA,NA,"2","0/1 (0%)","0"
"136",4193453,"Luton Town","Marvelous Nakamba","Midfielder","2",NA,"6.61","90","0","0","0.01","0.01",NA,"1",NA,"1"
"137",4193453,"Luton Town","Tahith Chong","Midfielder","2",NA,"6.03","88","0","0",NA,"0.01",NA,"0",NA,"0"
"138",4193453,"Luton Town","Issa Kaboré","Defender","1",NA,"6.2","64","0","0","0.02","0.26",NA,"1","0/1 (0%)","1"
"139",4193453,"Luton Town","Amari'i Bell","Defender","0",NA,"5.89","90","0","0",NA,NA,NA,"0",NA,"0"
"140",4193453,"Luton Town","Tom Lockyer","Defender","0",NA,"6.18","90","0","0",NA,NA,NA,"0",NA,"0"
"141",4193453,"Luton Town","Mads Juel Andersen","Defender","0",NA,"6.43","76","0","0",NA,"0.01",NA,"0",NA,"0"
"142",4193453,"Luton Town","Thomas Kaminski","Keeper","2 "," 1","5.77","90",NA,NA,NA,NA,NA,NA,NA,NA
"143",4193453,"Brighton & Hove Albion","Billy Gilmour","Midfielder","1",NA,"6.1","16","0","0","0.01","0.05","0.05","1","1/1 (100%)","0"
"144",4193453,"Brighton & Hove Albion","Simon Adingra","Defender","6",NA,"7.26","16","1","0","0.25","0.01","0.77","1","1/1 (100%)","0"
"145",4193453,"Brighton & Hove Albion","Evan Ferguson","Attacker","5",NA,"7.55","12","1","0","0.88","0.03","0.88","2","1/2 (50%)","1"
"146",4193453,"Brighton & Hove Albion","Joel Veltman","Defender","1",NA,"5.91","11","0","0",NA,NA,NA,"0",NA,"0"
"147",4193453,"Brighton & Hove Albion","Julio Enciso","Midfielder","1",NA,"0","2","0","0",NA,NA,NA,"0",NA,"0"
"148",4193453,"Brighton & Hove Albion","Facundo Buonanotte","Midfielder",NA,NA,"0",NA,"0","0",NA,NA,NA,"0",NA,"0"
"149",4193453,"Brighton & Hove Albion","Steven Alzate","Midfielder",NA,NA,"0",NA,"0","0",NA,NA,NA,"0",NA,"0"
"150",4193453,"Brighton & Hove Albion"," Igor","Defender",NA,NA,"0",NA,"0","0",NA,NA,NA,"0",NA,"0"
"151",4193453,"Brighton & Hove Albion","Bart Verbruggen","Keeper",NA,NA,NA,NA,NA,NA,NA,NA,NA,NA,NA,NA
"152",4193453,"Luton Town","Jacob Brown","Attacker","4",NA,"6.07","26","0","0","0.11",NA,"0.09","1","1/1 (100%)","0"
"153",4193453,"Luton Town","Alfie Doughty","Defender","0",NA,"6.06","26","0","0",NA,"0.02",NA,"0",NA,"0"
"154",4193453,"Luton Town","Chiedozie Ogbene","Attacker","1",NA,"6.28","14","0","0",NA,NA,NA,"0",NA,"0"
"155",4193453,"Luton Town","Cauley Woodrow","Attacker","1",NA,"0","2","0","0",NA,"0.37",NA,"0",NA,"2"
"156",4193453,"Luton Town","Luke Berry","Midfielder","1",NA,"0","2","0","0",NA,NA,NA,"0",NA,"0"
"157",4193453,"Luton Town","John McAtee","Attacker",NA,NA,"0",NA,"0","0",NA,NA,NA,"0",NA,"0"
"158",4193453,"Luton Town","Aidan Francis-Clarke","Midfielder",NA,NA,"0",NA,"0","0",NA,NA,NA,"0",NA,"0"
"159",4193453,"Luton Town","Allan Campbell","Midfielder",NA,NA,"0",NA,"0","0",NA,NA,NA,"0",NA,"0"
"160",4193453,"Luton Town","James Shea","Keeper",NA,NA,NA,NA,NA,NA,NA,NA,NA,NA,NA,NA
"161",4193454,"Everton","Jordan Pickford","Keeper","2",NA,"5.88","90",NA,NA,NA,"0.01",NA,NA,NA,"1"
"162",4193454,"Everton","Nathan Patterson","Defender","2",NA,"6.8","90","0","0","0.31","0.01",NA,"3","0/2 (0%)","0"
"163",4193454,"Everton","Michael Keane","Defender","2",NA,"6.93","90","0","0","0.04","0.02","0.11","2","2/2 (100%)","0"
"164",4193454,"Everton","James Tarkowski","Defender","2",NA,"6.53","90","0","0","0.04","0.03",NA,"1","0/1 (0%)","0"
"165",4193454,"Everton","Ashley Young","Defender","2",NA,"6.67","90","0","0",NA,"0.10",NA,"0",NA,"0"
"166",4193454,"Everton","James Garner","Midfielder","2",NA,"7.2","83","0","0",NA,"0.01",NA,"0",NA,"1"
"167",4193454,"Everton","Idrissa Gana Gueye","Midfielder","2",NA,"7.62","90","0","0","0.06","0.03",NA,"2",NA,"1"
"168",4193454,"Everton","Amadou Onana","Midfielder","2",NA,"6.79","90","0","0","0.05","0.38","0.05","1","1/1 (100%)","3"
"169",4193454,"Everton","Alex Iwobi","Midfielder","2",NA,"7.34","90","0","0","0.32","0.28","0.40","4","2/3 (67%)","3"
"170",4193454,"Everton","Abdoulaye Doucouré","Midfielder","2",NA,"6.51","90","0","0","0.56","0.11","0.84","2","1/2 (50%)","3"
"171",4193454,"Everton","Neal Maupay","Attacker","2",NA,"6.29","72","0","0","1.35",NA,"1.92","4","3/4 (75%)","1"
"172",4193454,"Fulham"," Willian","Attacker","0",NA,"6.59","45","0","0",NA,"0.04",NA,"0",NA,"1"
"173",4193454,"Fulham","Raul Jiménez","Attacker","1",NA,"6.77","58","0","0","0.07","0.02",NA,"1","0/1 (0%)","0"
"174",4193454,"Fulham","Harry Wilson","Attacker","3",NA,"7.34","90","0","0","0.07","0.20",NA,"1","0/1 (0%)","2"
"175",4193454,"Fulham","Tom Cairney","Midfielder","1",NA,"6.08","58","0","0","0.04","0.08",NA,"1","0/1 (0%)","1"
"176",4193454,"Fulham","Sasa Lukic","Midfielder","3",NA,"7.21","90","0","0","0.02","0.01",NA,"1","0/1 (0%)","1"
"177",4193454,"Fulham","Harrison Reed","Midfielder","3",NA,"7.22","90","0","0",NA,"0.08",NA,"0",NA,"1"
"178",4193454,"Fulham","Antonee Robinson","Defender","6",NA,"7.46","90","0","0",NA,"0.01",NA,"0",NA,"0"
"179",4193454,"Fulham","Tim Ream","Defender","6 "," 1","7.32","90","0","0",NA,NA,NA,"0",NA,"0"
"180",4193454,"Fulham","Issa Diop","Defender","6 "," 2","7.48","90","0","0",NA,"0.01",NA,"0",NA,"0"
"181",4193454,"Fulham","Kenny Tete","Defender","5",NA,"7.33","90","0","0",NA,"0.02",NA,"0",NA,"1"
"182",4193454,"Fulham","Bernd Leno","Keeper","9 "," 3","8.42","90",NA,NA,NA,NA,NA,NA,NA,NA
"183",4193454,"Everton","Arnaut Danjuma","Attacker","1",NA,"6.23","18","0","0",NA,"0.01",NA,"0",NA,"1"
"184",4193454,"Everton","Lewis Dobbin","Attacker","1",NA,"0","7","0","0",NA,NA,NA,"0",NA,"0"
"185",4193454,"Everton","Thomas Cannon","Attacker",NA,NA,"0",NA,"0","0",NA,NA,NA,"0",NA,"0"
"186",4193454,"Everton","André Gomes","Midfielder",NA,NA,"0",NA,"0","0",NA,NA,NA,"0",NA,"0"
"187",4193454,"Everton","Tyler Onyango","Midfielder",NA,NA,"0",NA,"0","0",NA,NA,NA,"0",NA,"0"
"188",4193454,"Everton","Ben Godfrey","Defender",NA,NA,"0",NA,"0","0",NA,NA,NA,"0",NA,"0"
"189",4193454,"Everton","Jarrad Branthwaite","Defender",NA,NA,"0",NA,"0","0",NA,NA,NA,"0",NA,"0"
"190",4193454,"Everton","Vitalii Mykolenko","Defender",NA,NA,"0",NA,"0","0",NA,NA,NA,"0",NA,"0"
"191",4193454,"Everton","Joao Virginia","Keeper",NA,NA,NA,NA,NA,NA,NA,NA,NA,NA,NA,NA
"192",4193454,"Fulham","Bobby Reid","Attacker","6",NA,"7.41","45","1","0","1.14","0.01","0.98","3","1/3 (33%)","0"
"193",4193454,"Fulham","Aleksandar Mitrovic","Attacker","1",NA,"6.76","32","0","0","0.16","0.02","0.14","2","1/1 (100%)","0"
"194",4193454,"Fulham","Andreas Pereira","Midfielder","4",NA,"6.13","32","0","0",NA,NA,NA,"0",NA,"0"
"195",4193454,"Fulham","Jay Stansfield","Attacker",NA,NA,"0",NA,"0","0",NA,NA,NA,"0",NA,"0"
"196",4193454,"Fulham"," Vinicius","Attacker",NA,NA,"0",NA,"0","0",NA,NA,NA,"0",NA,"0"
"197",4193454,"Fulham","Matt Dibley-Dias","Midfielder",NA,NA,NA,NA,NA,NA,NA,NA,NA,NA,NA,NA
"198",4193454,"Fulham","Calvin Bassey","Defender",NA,NA,"0",NA,"0","0",NA,NA,NA,"0",NA,"0"
"199",4193454,"Fulham","Kevin Mbabu","Defender",NA,NA,"0",NA,"0","0",NA,NA,NA,"0",NA,"0"
"200",4193454,"Fulham","Marek Rodak","Keeper",NA,NA,NA,NA,NA,NA,NA,NA,NA,NA,NA,NA
"201",4193455,"Sheffield United","Wesley Foderingham","Keeper","4",NA,"7.67","90",NA,NA,NA,NA,NA,NA,NA,NA
"202",4193455,"Sheffield United","Anel Ahmedhodzic","Defender","1",NA,"6.79","90","0","0","0.06",NA,NA,"2","0/1 (0%)","0"
"203",4193455,"Sheffield United","John Egan","Defender","2",NA,"6.74","90","0","0","0.04","0.01",NA,"1","0/1 (0%)","0"
"204",4193455,"Sheffield United","Jack Robinson","Defender","2",NA,"6.33","80","0","0",NA,NA,NA,"0",NA,"0"
"205",4193455,"Sheffield United","George Baldock","Defender","2",NA,"6.48","90","0","0",NA,"0.01",NA,"0",NA,"0"
"206",4193455,"Sheffield United","Chris Basham","Defender","2",NA,"6.28","80","0","0",NA,NA,NA,"0",NA,"0"
"207",4193455,"Sheffield United","Oliver Norwood","Midfielder","2",NA,"6.56","90","0","0","0.04","0.09","0.05","2","1/2 (50%)","2"
"208",4193455,"Sheffield United","Ben Osborn","Defender","2",NA,"6.24","87","0","0","0.12","0.01",NA,"1",NA,"0"
"209",4193455,"Sheffield United","Max Lowe","Defender","2",NA,"7.3","80","0","0",NA,"0.01",NA,"0",NA,"1"
"210",4193455,"Sheffield United","Bénie Traoré","Attacker","2",NA,"5.71","87","0","0",NA,"0.08",NA,"0",NA,"2"
"211",4193455,"Sheffield United","William Osula","Attacker","1",NA,"4.94","90","0","0","0.24","0.01",NA,"2","0/1 (0%)","0"
"212",4193455,"Crystal Palace","Odsonne Edouard","Attacker","6 "," 1","8.56","90","1","0","1.01","0.14","1.31","7","3/6 (50%)","2"
"213",4193455,"Crystal Palace","Jeffrey Schlupp","Midfielder","3",NA,"7.66","90","0","0","0.08","0.09","0.07","2","1/2 (50%)","2"
"214",4193455,"Crystal Palace","Eberechi Eze","Midfielder","3",NA,"8.14","90","0","0","0.51","0.41",NA,"8","0/2 (0%)","7"
"215",4193455,"Crystal Palace","Jordan Ayew","Attacker","6",NA,"7.04","90","0","1","0.09","0.45","0.02","2","1/1 (100%)","2"
"216",4193455,"Crystal Palace","Cheick Oumar Doucouré","Midfielder","3",NA,"7.51","90","0","0","0.01","0.03","0.19","1","1/1 (100%)","3"
"217",4193455,"Crystal Palace","Jefferson Lerma","Midfielder","3",NA,"8.12","90","0","0","0.02","0.02",NA,"1","0/1 (0%)","1"
"218",4193455,"Crystal Palace","Tyrick Mitchell","Defender","6 "," 2","7.83","90","0","0",NA,"0.02",NA,"0",NA,"0"
"219",4193455,"Crystal Palace","Marc Guehi","Defender","6",NA,"7.71","89","0","0","0.03","0.01",NA,"1","0/1 (0%)","1"
"220",4193455,"Crystal Palace","Joachim Andersen","Defender","6 "," 3","8.36","90","0","0","0.15","0.11","0.33","2","2/2 (100%)","2"
"221",4193455,"Crystal Palace","Joel Ward","Defender","6",NA,"7.4","90","0","0",NA,"0.02",NA,"0",NA,"0"
"222",4193455,"Crystal Palace","Sam Johnstone","Keeper","6",NA,"6.96","90",NA,NA,NA,NA,NA,NA,NA,NA
"223",4193455,"Sheffield United","Anis Ben Slimane","Midfielder","0",NA,"5.96","10","0","0",NA,NA,NA,"0",NA,"0"
"224",4193455,"Sheffield United","Vinicius de Souza Costa","Midfielder","1",NA,"6.21","10","0","0",NA,NA,NA,"0",NA,"0"
"225",4193455,"Sheffield United","Yasser Larouci","Defender","1",NA,"6.39","10","0","0",NA,NA,NA,"0",NA,"0"
"226",4193455,"Sheffield United","Antwoine Hackford","Attacker","1",NA,"0","3","0","0",NA,NA,NA,"0",NA,"0"
"227",4193455,"Sheffield United","Andre Brooks","Midfielder",NA,NA,NA,NA,NA,NA,NA,NA,NA,NA,NA,NA
"228",4193455,"Sheffield United","Auston Trusty","Defender",NA,NA,"6.01",NA,"0","0",NA,NA,NA,"0",NA,"0"
"229",4193455,"Sheffield United","Louie Marsh","Attacker",NA,NA,"0",NA,"0","0",NA,NA,NA,"0",NA,"0"
"230",4193455,"Sheffield United","Femi Seriki","Defender",NA,NA,"0",NA,"0","0",NA,NA,NA,"0",NA,"0"
"231",4193455,"Sheffield United","Adam Davies","Keeper",NA,NA,NA,NA,NA,NA,NA,NA,NA,NA,NA,NA
"232",4193455,"Crystal Palace","James Tomkins","Defender","1",NA,"0","1","0","0",NA,NA,NA,"0",NA,"0"
"233",4193455,"Crystal Palace","Jean-Philippe Mateta","Attacker",NA,NA,"0",NA,"0","0",NA,NA,NA,"0",NA,"0"
"234",4193455,"Crystal Palace","Jesurun Rak-Sakyi","Attacker",NA,NA,"0",NA,"0","0",NA,NA,NA,"0",NA,"0"
"235",4193455,"Crystal Palace","John-Kymani Gordon","Attacker",NA,NA,"0",NA,"0","0",NA,NA,NA,"0",NA,"0"
"236",4193455,"Crystal Palace","Jairo Riedewald","Midfielder",NA,NA,"0",NA,"0","0",NA,NA,NA,"0",NA,"0"
"237",4193455,"Crystal Palace","Naouirou Ahamada","Midfielder",NA,NA,"0",NA,"0","0",NA,NA,NA,"0",NA,"0"
"238",4193455,"Crystal Palace","Chris Richards","Defender",NA,NA,"0",NA,"0","0",NA,NA,NA,"0",NA,"0"
"239",4193455,"Crystal Palace","Nathaniel Clyne","Defender",NA,NA,"0",NA,"0","0",NA,NA,NA,"0",NA,"0"
"240",4193455,"Crystal Palace","Remi Matthews","Keeper",NA,NA,NA,NA,NA,NA,NA,NA,NA,NA,NA,NA
"241",4193456,"Newcastle United","Nick Pope","Keeper","3",NA,"7.66","90",NA,NA,NA,NA,NA,NA,NA,NA
"242",4193456,"Newcastle United","Kieran Trippier","Defender","2",NA,"7.92","90","0","0",NA,"0.26",NA,"0",NA,"4"
"243",4193456,"Newcastle United","Fabian Schär","Defender","2",NA,"7.07","90","0","0",NA,NA,NA,"0",NA,"0"
"244",4193456,"Newcastle United","Sven Botman","Defender","4 "," 1","7.8","90","0","1","0.07","0.25",NA,"1","0/1 (0%)","1"
"245",4193456,"Newcastle United","Daniel Burn","Defender","2",NA,"7.13","90","0","0","0.16","0.01",NA,"1","0/1 (0%)","0"
"246",4193456,"Newcastle United","Sandro Tonali","Midfielder","6",NA,"8.1","89","1","0","0.63","0.10","1.58","2","2/2 (100%)","1"
"247",4193456,"Newcastle United","Bruno Guimaraes","Midfielder","1",NA,"7","85","0","0","0.09","0.03","0.25","2","1/1 (100%)","0"
"248",4193456,"Newcastle United"," Joelinton","Midfielder","2",NA,"7.49","90","0","0","0.12","0.16",NA,"1","1/1 (100%)","0"
"249",4193456,"Newcastle United","Miguel Almiron","Attacker","2",NA,"7.39","86","0","0","0.05","0.07","0.02","1","1/1 (100%)","2"
"250",4193456,"Newcastle United","Alexander Isak","Attacker","10 "," 3","8.8","68","2","0","0.77","0.02","1.17","3","3/3 (100%)","0"
"251",4193456,"Newcastle United","Anthony Gordon","Attacker","4",NA,"7.86","68","0","1","0.07","0.36",NA,"1",NA,"2"
"252",4193456,"Aston Villa","Ollie Watkins","Attacker","5",NA,"7.92","90","0","1","0.32","0.10","0.39","2","1/2 (50%)","2"
"253",4193456,"Aston Villa","Moussa Diaby","Attacker","7",NA,"7.41","87","1","0","0.28","0.11","0.29","3","2/3 (67%)","2"
"254",4193456,"Aston Villa","John McGinn","Midfielder","2",NA,"5.95","64","0","0",NA,"0.03",NA,"0",NA,"1"
"255",4193456,"Aston Villa","Douglas Luiz","Midfielder","1",NA,"4.89","90","0","0","0.19","0.14","0.35","4","1/2 (50%)","1"
"256",4193456,"Aston Villa","Boubacar Kamara","Midfielder","2",NA,"4.97","90","0","0","0.03","0.02",NA,"1","0/1 (0%)","1"
"257",4193456,"Aston Villa","Leon Bailey","Attacker","1",NA,"5.49","45","0","0",NA,"0.01",NA,"0",NA,"0"
"258",4193456,"Aston Villa","Lucas Digne","Defender","-1",NA,"5.65","90","0","0",NA,"0.15",NA,"0",NA,"3"
"259",4193456,"Aston Villa","Tyrone Mings","Defender","0",NA,"6.13","31","0","0","0.01","0.16",NA,"1",NA,"1"
"260",4193456,"Aston Villa","Ezri Konsa","Defender","0",NA,"4.74","90","0","0",NA,"0.01",NA,"0",NA,"0"
"261",4193456,"Aston Villa","Matty Cash","Defender","-1",NA,"5.34","87","0","0","0.72",NA,"0.57","2","1/2 (50%)","0"
"262",4193456,"Aston Villa","Emiliano Martinez","Keeper","1",NA,"6.87","90",NA,NA,NA,NA,NA,NA,NA,NA
"263",4193456,"Newcastle United","Callum Wilson","Attacker","5",NA,"7.28","22","1","0","0.91",NA,"1.83","4","4/4 (100%)","0"
"264",4193456,"Newcastle United","Harvey Barnes","Attacker","9 "," 2","8.14","22","1","1","0.53","0.54","0.95","1","1/1 (100%)","2"
"265",4193456,"Newcastle United","Sean Longstaff","Midfielder","1",NA,"0","5","0","0",NA,NA,NA,"0",NA,"0"
"266",4193456,"Newcastle United","Jacob Murphy","Attacker","4",NA,"0","4","0","1",NA,"0.29",NA,"0",NA,"2"
"267",4193456,"Newcastle United","Elliot Anderson","Midfielder","1",NA,"0","1","0","0",NA,NA,NA,"0",NA,"0"
"268",4193456,"Newcastle United","Jamaal Lascelles","Defender",NA,NA,"0",NA,"0","0",NA,NA,NA,"0",NA,"0"
"269",4193456,"Newcastle United","Matt Targett","Defender",NA,NA,"0",NA,"0","0",NA,NA,NA,"0",NA,"0"
"270",4193456,"Newcastle United","Valentino Livramento","Defender",NA,NA,"0",NA,"0","0",NA,NA,NA,"0",NA,"0"
"271",4193456,"Newcastle United","Martin Dubravka","Keeper",NA,NA,NA,NA,NA,NA,NA,NA,NA,NA,NA,NA
"272",4193456,"Aston Villa","Pau Torres","Defender","0",NA,"6.64","59","0","0",NA,"0.02",NA,"0",NA,"1"
"273",4193456,"Aston Villa","Youri Tielemans","Midfielder","1",NA,"6.18","45","0","0",NA,"0.09",NA,"0",NA,"1"
"274",4193456,"Aston Villa","Diego Carlos","Defender","0",NA,"6.76","26","0","0","0.27",NA,"0.24","2","1/2 (50%)","0"
"275",4193456,"Aston Villa","Jaden Philogene-Bidace","Midfielder","1",NA,"0","3","0","0",NA,NA,NA,"0",NA,"0"
"276",4193456,"Aston Villa","Philippe Coutinho","Midfielder","1",NA,"0","3","0","0","0.08","0.01",NA,"1","0/1 (0%)","0"
"277",4193456,"Aston Villa","Cameron Archer","Attacker",NA,NA,"0",NA,"0","0",NA,NA,NA,"0",NA,"0"
"278",4193456,"Aston Villa","Omari Kellyman","Midfielder",NA,NA,"0",NA,"0","0",NA,NA,NA,"0",NA,"0"
"279",4193456,"Aston Villa","Calum Chambers","Defender",NA,NA,"0",NA,"0","0",NA,NA,NA,"0",NA,"0"
"280",4193456,"Aston Villa","Robin Olsen","Keeper",NA,NA,NA,NA,NA,NA,NA,NA,NA,NA,NA,NA
"281",4193457,"Brentford","Mark Flekken","Keeper","2",NA,"6.15","90",NA,NA,NA,NA,NA,NA,NA,NA
"282",4193457,"Brentford","Aaron Hickey","Defender","0",NA,"6.64","72","0","0","0.03","0.08",NA,"1",NA,"1"
"283",4193457,"Brentford","Kristoffer Ajer","Defender","1",NA,"6.16","84","0","0",NA,"0.01",NA,"0",NA,"0"
"284",4193457,"Brentford","Nathan Collins","Defender","1",NA,"6.68","90","0","0",NA,"0.01",NA,"0",NA,"0"
"285",4193457,"Brentford","Ethan Pinnock","Defender","1",NA,"7.11","90","0","0",NA,NA,NA,"0",NA,"0"
"286",4193457,"Brentford","Rico Henry","Defender","4",NA,"7.63","90","0","1",NA,"0.62",NA,"0",NA,"3"
"287",4193457,"Brentford","Mathias Jensen","Midfielder","4",NA,"6.75","49","0","0",NA,"0.03",NA,"0",NA,"0"
"288",4193457,"Brentford","Christian Nørgaard","Midfielder","2",NA,"6.83","72","0","0",NA,"0.01",NA,"0",NA,"0"
"289",4193457,"Brentford","Vitaly Janelt","Midfielder","2",NA,"6.88","90","0","0","0.04","0.01","0.39","1","1/1 (100%)","1"
"290",4193457,"Brentford","Bryan Mbeumo","Attacker","7",NA,"6.96","90","1","0","1.40","0.03","1.08","3","2/3 (67%)","0"
"291",4193457,"Brentford","Yoane Wissa","Attacker","6 "," 3","7.97","72","1","0","0.30","0.05","0.15","3","2/2 (100%)","2"
"292",4193457,"Tottenham Hotspur"," Richarlison","Attacker","2",NA,"6.18","90","0","0","0.17","0.01","0.06","2","1/1 (100%)","1"
"293",4193457,"Tottenham Hotspur","Heung-Min Son","Midfielder","2",NA,"6.17","75","0","0","0.10","0.05","0.13","2","1/2 (50%)","0"
"294",4193457,"Tottenham Hotspur","James Maddison","Midfielder","7 "," 2","8.77","90","0","2","0.07","0.95","0.02","2","1/1 (100%)","6"
"295",4193457,"Tottenham Hotspur","Dejan Kulusevski","Attacker","2",NA,"7.63","90","0","0","0.04","0.36",NA,"3","0/1 (0%)","1"
"296",4193457,"Tottenham Hotspur","Yves Bissouma","Midfielder","2",NA,"8.41","90","0","0","0.04","0.11",NA,"3","0/1 (0%)","1"
"297",4193457,"Tottenham Hotspur","Oliver Skipp","Midfielder","1",NA,"6.28","75","0","0",NA,"0.01",NA,"0",NA,"0"
"298",4193457,"Tottenham Hotspur","Iyenoma Udogie","Defender","1",NA,"7.48","90","0","0",NA,"0.04",NA,"0",NA,"1"
"299",4193457,"Tottenham Hotspur","Micky van de Ven","Defender","1",NA,"7.96","90","0","0","0.03","0.03",NA,"2","0/2 (0%)","0"
"300",4193457,"Tottenham Hotspur","Cristian Romero","Defender","7",NA,"7.35","14","1","0","0.58","0.01","0.62","1","1/1 (100%)","0"
"301",4193457,"Tottenham Hotspur","Emerson Royal","Defender","7 "," 1","8.31","90","1","0","0.03","0.14","0.24","1","1/1 (100%)","0"
"302",4193457,"Tottenham Hotspur","Guglielmo Vicario","Keeper","1",NA,"7.79","90",NA,NA,NA,NA,NA,NA,NA,NA
"303",4193457,"Brentford","Mikkel Damsgaard","Midfielder","1",NA,"6.41","41","0","0","0.07","0.01","0.12","1","1/1 (100%)","0"
"304",4193457,"Brentford","Kevin Schade","Attacker","1",NA,"6","18","0","0","0.35",NA,NA,"1","0/1 (0%)","0"
"305",4193457,"Brentford","Shandon Baptiste","Midfielder","1",NA,"6.19","18","0","0",NA,NA,NA,"0",NA,"0"
"306",4193457,"Brentford","Mads Roerslev","Defender","1",NA,"5.95","18","0","0","0.03",NA,NA,"1",NA,"0"
"307",4193457,"Brentford","Mathias Jørgensen","Defender","1",NA,"0","6","0","0",NA,"0.11",NA,"0",NA,"1"
"308",4193457,"Brentford","Keane Lewis-Potter","Attacker",NA,NA,"0",NA,"0","0",NA,NA,NA,"0",NA,"0"
"309",4193457,"Brentford","Joshua Dasilva","Midfielder",NA,NA,"0",NA,"0","0",NA,NA,NA,"0",NA,"0"
"310",4193457,"Brentford","Yegor Yarmolyuk","Midfielder",NA,NA,NA,NA,NA,NA,NA,NA,NA,NA,NA,NA
"311",4193457,"Brentford","Thomas Strakosha","Keeper",NA,NA,NA,NA,NA,NA,NA,NA,NA,NA,NA,NA
"312",4193457,"Tottenham Hotspur","Davinson Sánchez","Defender","0",NA,"7.01","76","0","0","0.12","0.03",NA,"1","0/1 (0%)","0"
"313",4193457,"Tottenham Hotspur","Pape Sarr","Midfielder","1",NA,"6.58","15","0","0","0.09","0.01","0.04","1","1/1 (100%)","0"
"314",4193457,"Tottenham Hotspur","Ivan Perisic","Defender","1",NA,"6.73","15","0","0",NA,"0.07",NA,"0",NA,"1"
"315",4193457,"Tottenham Hotspur","Manor Solomon","Attacker",NA,NA,"0",NA,"0","0",NA,NA,NA,"0",NA,"0"
"316",4193457,"Tottenham Hotspur","Giovani Lo Celso","Midfielder",NA,NA,"0",NA,"0","0",NA,NA,NA,"0",NA,"0"
"317",4193457,"Tottenham Hotspur","Pedro Porro","Midfielder",NA,NA,"0",NA,"0","0",NA,NA,NA,"0",NA,"0"
"318",4193457,"Tottenham Hotspur","Pierre-Emile Højbjerg","Midfielder",NA,NA,"0",NA,"0","0",NA,NA,NA,"0",NA,"0"
"319",4193457,"Tottenham Hotspur","Ben Davies","Defender",NA,NA,"0",NA,"0","0",NA,NA,NA,"0",NA,"0"
"320",4193457,"Tottenham Hotspur","Brandon Austin","Keeper",NA,NA,NA,NA,NA,NA,NA,NA,NA,NA,NA,NA
"321",4193458,"Chelsea","Robert Sánchez","Keeper","2",NA,"6.61","90",NA,NA,NA,NA,NA,NA,NA,NA
"322",4193458,"Chelsea","Axel Disasi","Defender","8 "," 3","8.15","90","1","0","0.47","0.01","0.86","2","1/2 (50%)","0"
"323",4193458,"Chelsea","Thiago Silva","Defender","2",NA,"7.66","90","0","0",NA,"0.07",NA,"0",NA,"1"
"324",4193458,"Chelsea","Levi Colwill","Defender","2",NA,"7.61","90","0","0","0.08","0.01",NA,"1",NA,"2"
"325",4193458,"Chelsea","Reece James","Defender","2",NA,"6.77","76","0","0","0.03","0.42",NA,"1","0/1 (0%)","2"
"326",4193458,"Chelsea","Enzo Fernández","Midfielder","1",NA,"7.45","90","0","0","0.06","0.11",NA,"1",NA,"2"
"327",4193458,"Chelsea","Conor Gallagher","Midfielder","2",NA,"7.64","90","0","0",NA,"0.02",NA,"0",NA,"0"
"328",4193458,"Chelsea","Carney Chukwuemeka","Midfielder","1",NA,"6.3","81","0","0",NA,"0.16",NA,"0",NA,"0"
"329",4193458,"Chelsea","Ben Chilwell","Defender","5 "," 2","7.85","89","0","1","0.16","0.22","0.17","1","1/1 (100%)","1"
"330",4193458,"Chelsea","Raheem Sterling","Attacker","2",NA,"6.29","81","0","0",NA,"0.09",NA,"0",NA,"1"
"331",4193458,"Chelsea","Nicolas Jackson","Attacker","1",NA,"7.06","90","0","0","0.55","0.01","0.41","4","2/4 (50%)","0"
"332",4193458,"Liverpool","Luis Diaz","Attacker","7 "," 1","7.71","77","1","0","0.84","0.04","0.80","4","1/3 (33%)","1"
"333",4193458,"Liverpool","Diogo Jota","Attacker","1",NA,"6.81","66","0","0","0.07","0.01",NA,"2","0/2 (0%)","1"
"334",4193458,"Liverpool","Mohamed Salah","Attacker","5",NA,"7.28","77","0","1","0.28","0.31","0.71","3","0/2 (0%)","1"
"335",4193458,"Liverpool","Cody Gakpo","Attacker","2",NA,"6.55","66","0","0",NA,"0.05",NA,"0",NA,"1"
"336",4193458,"Liverpool","Alexis Mac Allister","Midfielder","1",NA,"7.69","90","0","0",NA,"0.22",NA,"0",NA,"1"
"337",4193458,"Liverpool","Dominik Szoboszlai","Midfielder","2",NA,"7.12","90","0","0","0.02","0.10",NA,"1",NA,"3"
"338",4193458,"Liverpool","Andrew Robertson","Defender","2",NA,"7.65","90","0","0",NA,"0.01",NA,"0",NA,"1"
"339",4193458,"Liverpool","Virgil van Dijk","Defender","2",NA,"7.31","90","0","0","0.03","0.02",NA,"1","0/1 (0%)","0"
"340",4193458,"Liverpool","Ibrahima Konaté","Defender","2",NA,"7.06","90","0","0",NA,NA,NA,"0",NA,"0"
"341",4193458,"Liverpool","Trent Alexander-Arnold","Defender","1",NA,"7.15","90","0","0",NA,"0.02",NA,"0",NA,"0"
"342",4193458,"Liverpool","Alisson Becker","Keeper","3",NA,"6.95","90",NA,NA,NA,NA,NA,NA,NA,NA
"343",4193458,"Chelsea","Malo Gusto","Defender","1",NA,"6.37","14","0","0",NA,"0.01",NA,"0",NA,"0"
"344",4193458,"Chelsea","Mykhaylo Mudryk","Attacker","1",NA,"0","9","0","0",NA,"0.01",NA,"0",NA,"0"
"345",4193458,"Chelsea","Ian Maatsen","Defender","1",NA,"0","9","0","0","0.14","0.01",NA,"0",NA,"0"
"346",4193458,"Chelsea","Lesley Ugochukwu","Midfielder","1",NA,"0","1","0","0",NA,NA,NA,"0",NA,"0"
"347",4193458,"Chelsea","Mason Burstow","Attacker",NA,NA,"0",NA,"0","0",NA,NA,NA,"0",NA,"0"
"348",4193458,"Chelsea","Noni Madueke","Attacker",NA,NA,"0",NA,"0","0",NA,NA,NA,"0",NA,"0"
"349",4193458,"Chelsea","Andrey Santos","Midfielder",NA,NA,"0",NA,"0","0",NA,NA,NA,"0",NA,"0"
"350",4193458,"Chelsea","Marc Cucurella","Defender",NA,NA,"0",NA,"0","0",NA,NA,NA,"0",NA,"0"
"351",4193458,"Chelsea","Lucas Bergström","Keeper",NA,NA,NA,NA,NA,NA,NA,NA,NA,NA,NA,NA
"352",4193458,"Liverpool","Darwin Nunez","Attacker","1",NA,"6.25","24","0","0","0.04","0.02",NA,"2",NA,"0"
"353",4193458,"Liverpool","Curtis Jones","Midfielder","1",NA,"6.3","24","0","0",NA,"0.01",NA,"0",NA,"0"
"354",4193458,"Liverpool","Ben Doak","Attacker","1",NA,"6.13","13","0","0",NA,NA,NA,"0",NA,"0"
"355",4193458,"Liverpool","Harvey Elliott","Midfielder","1",NA,"7.03","13","0","0",NA,"0.01",NA,"0",NA,"1"
"356",4193458,"Liverpool","James McConnell","Attacker",NA,NA,"0",NA,"0","0",NA,NA,NA,"0",NA,"0"
"357",4193458,"Liverpool","Joel Matip","Defender",NA,NA,"0",NA,"0","0",NA,NA,NA,"0",NA,"0"
"358",4193458,"Liverpool","Joseph Gomez","Defender",NA,NA,"0",NA,"0","0",NA,NA,NA,"0",NA,"0"
"359",4193458,"Liverpool","Konstantinos Tsimikas","Defender",NA,NA,"0",NA,"0","0",NA,NA,NA,"0",NA,"0"
"360",4193458,"Liverpool","Caoimhin Kelleher","Keeper",NA,NA,NA,NA,NA,NA,NA,NA,NA,NA,NA,NA
"361",4193459,"Manchester United","Andre Onana","Keeper","8 "," 1","8.07","90",NA,NA,NA,NA,NA,NA,NA,NA
"362",4193459,"Manchester United","Aaron Wan-Bissaka","Defender","9 "," 3","8.23","90","0","1",NA,"0.69",NA,"0",NA,"3"
"363",4193459,"Manchester United","Raphaël Varane","Defender","12 "," 2","7.92","90","1","0","1.00",NA,"0.74","2","1/2 (50%)","0"
"364",4193459,"Manchester United","Lisandro Martinez","Defender","0",NA,"6.55","45","0","0",NA,"0.02",NA,"0",NA,"0"
"365",4193459,"Manchester United","Luke Shaw","Defender","5",NA,"7.41","90","0","0",NA,"0.04",NA,"0",NA,"0"
"366",4193459,"Manchester United"," Casemiro","Midfielder","3",NA,"7.14","90","0","0",NA,"0.07",NA,"0",NA,"2"
"367",4193459,"Manchester United","Mason Mount","Midfielder","3",NA,"6.7","68","0","0",NA,"0.02",NA,"0",NA,"0"
"368",4193459,"Manchester United"," Antony","Attacker","3",NA,"7.53","77","0","0","0.18","0.05",NA,"3","1/1 (100%)","3"
"369",4193459,"Manchester United","Bruno Fernandes","Midfielder","3",NA,"7.39","90","0","0","0.02","0.72",NA,"1",NA,"3"
"370",4193459,"Manchester United","Alejandro Garnacho","Attacker","3",NA,"6.71","68","0","0","0.12","0.03",NA,"4","0/2 (0%)","0"
"371",4193459,"Manchester United","Marcus Rashford","Attacker","3",NA,"6.95","88","0","0","0.43","0.02","0.11","4","1/1 (100%)","1"
"372",4193459,"Wolverhampton Wanderers","Matheus Cunha","Attacker","2",NA,"7.68","77","0","0","0.57","0.03","0.16","5","1/4 (25%)","1"
"373",4193459,"Wolverhampton Wanderers","Pablo Sarabia","Attacker","3",NA,"6.04","63","0","0","0.06","0.30",NA,"1",NA,"3"
"374",4193459,"Wolverhampton Wanderers","Matheus Nunes","Midfielder","2",NA,"7.76","90","0","0",NA,"0.08",NA,"0",NA,"2"
"375",4193459,"Wolverhampton Wanderers","Mario Lemina","Midfielder","1",NA,"7.06","90","0","0","0.10","0.01",NA,"3",NA,"0"
"376",4193459,"Wolverhampton Wanderers","Joao Gomes","Midfielder","2",NA,"7.6","88","0","0","0.01","0.03",NA,"1",NA,"2"
"377",4193459,"Wolverhampton Wanderers","Pedro Neto","Attacker","1",NA,"7.7","90","0","0","0.88","0.35","0.26","3","2/3 (67%)","4"
"378",4193459,"Wolverhampton Wanderers","Rayan Ait Nouri","Defender","1",NA,"7.19","77","0","0",NA,"0.01",NA,"0",NA,"1"
"379",4193459,"Wolverhampton Wanderers","Max Kilman","Defender","2",NA,"6.81","90","0","0","0.03","0.02","0.18","1","1/1 (100%)","1"
"380",4193459,"Wolverhampton Wanderers","Craig Dawson","Defender","2",NA,"7.74","90","0","0","0.06","0.08",NA,"1",NA,"1"
"381",4193459,"Wolverhampton Wanderers","Nélson Semedo","Defender","2",NA,"7.8","90","0","0",NA,"0.13",NA,"0",NA,"1"
"382",4193459,"Wolverhampton Wanderers","José Sá","Keeper","2",NA,"6.29","90",NA,NA,NA,NA,NA,NA,NA,NA
"383",4193459,"Manchester United","Victor Nilsson Lindelöf","Defender","1",NA,"6.42","45","0","0",NA,NA,NA,"0",NA,"0"
"384",4193459,"Manchester United","Jadon Sancho","Attacker","1",NA,"6.48","22","0","0",NA,"0.05",NA,"0",NA,"1"
"385",4193459,"Manchester United","Christian Eriksen","Midfielder","1",NA,"6.16","22","0","0",NA,"0.01",NA,"0",NA,"0"
"386",4193459,"Manchester United","Facundo Pellistri","Attacker","1",NA,"6.49","13","0","0","0.44",NA,NA,"1","0/1 (0%)","0"
"387",4193459,"Manchester United","Scott McTominay","Midfielder","1",NA,"0","2","0","0",NA,NA,NA,"0",NA,"0"
"388",4193459,"Manchester United","Anthony Martial","Attacker",NA,NA,"0",NA,"0","0",NA,NA,NA,"0",NA,"0"
"389",4193459,"Manchester United","Diogo Dalot","Defender",NA,NA,"0",NA,"0","0",NA,NA,NA,"0",NA,"0"
"390",4193459,"Manchester United","Harry Maguire","Defender",NA,NA,"0",NA,"0","0",NA,NA,NA,"0",NA,"0"
"391",4193459,"Manchester United","Dean Henderson","Keeper",NA,NA,NA,NA,NA,NA,NA,NA,NA,NA,NA,NA
"392",4193459,"Wolverhampton Wanderers","Hee-Chan Hwang","Attacker","1",NA,"6.66","27","0","0","0.32","0.36",NA,"4","0/3 (0%)","0"
"393",4193459,"Wolverhampton Wanderers","Fabio Silva","Attacker","1",NA,"6.66","13","0","0","0.28","0.01","0.17","3","2/2 (100%)","1"
"394",4193459,"Wolverhampton Wanderers","Hugo Bueno","Defender","1",NA,"6.67","13","0","0","0.04","0.14",NA,"1",NA,"1"
"395",4193459,"Wolverhampton Wanderers","Sasa Kalajdzic","Attacker","1",NA,"0","2","0","0",NA,NA,NA,"0",NA,"1"
"396",4193459,"Wolverhampton Wanderers","Boubacar Traore","Midfielder",NA,NA,"0",NA,"0","0",NA,NA,NA,"0",NA,"0"
"397",4193459,"Wolverhampton Wanderers","Joe Hodge","Midfielder",NA,NA,"0",NA,"0","0",NA,NA,NA,"0",NA,"0"
"398",4193459,"Wolverhampton Wanderers","Matt Doherty","Defender",NA,NA,"0",NA,"0","0",NA,NA,NA,"0",NA,"0"
"399",4193459,"Wolverhampton Wanderers","Toti Gomes","Defender",NA,NA,"0",NA,"0","0",NA,NA,NA,"0",NA,"0"
"400",4193459,"Wolverhampton Wanderers","Daniel Bentley","Keeper",NA,NA,NA,NA,NA,NA,NA,NA,NA,NA,NA,NA
